Filename,ROI,Green_Index,plant,Major_Plant_1,Major_Plant_2,Minor_Plant_1,Minor_Plant_2
behindestuary_06_05_18_1200,1,0.4618313,mixed,c4,,iva,
behindestuary_07_25_17_1200,1,0.44613019,iva,iva,,,
behindestuary_07_25_17_1200,2,0.44733696,scheonoplectus,c4,,,
behindestuary_08_13_18_1200,1,0.413265843,mixed,c4,iva,phragmites,
behindestuary_08_14_17_1200,1,0.422554411,iva,iva,,,
building_08_03_17_1200,1,0.383000262,scheonoplectus,scheonoplectus,typha,amaranthus,
building_08_03_17_1200,2,0.39173668,scheonoplectus,scheonoplectus,typha,amaranthus,
centerdifferentview_04_17_19_1200,1,0.337710245,scheonoplectus,scheonoplectus,,,
centerdifferentview_04_23_18_1200,1,0.329841922,scheonoplectus,scheonoplectus,,,
centerdifferentview_04_23_18_1200,2,0.329139835,mixed,scheonoplectus,,,
centerdifferentview_05_15_19_1200,1,0.358871139,scheonoplectus,scheonoplectus,,,
centerdifferentview_05_15_19_1200,1,0.3584323,scheonoplectus,scheonoplectus,,,
centerdifferentview_06_06_18_1200,1,0.473895683,scheonoplectus,scheonoplectus,,,
centerdifferentview_06_06_18_1200,2,0.471019668,scheonoplectus,scheonoplectus,,,
centerdifferentview_07_11_17_1200,1,0.375601634,scheonoplectus,scheonoplectus,,,
centerdifferentview_07_11_17_1200,2,0.385358932,scheonoplectus,scheonoplectus,,,
centerdifferentview_07_14_17_1200,1,0.386720776,scheonoplectus,scheonoplectus,,,
centerdifferentview_07_19_17_1200,1,0.353273225,scheonoplectus,scheonoplectus,,,
centerdifferentview_07_20_18_1200,1,0.412776587,scheonoplectus,scheonoplectus,,,
centerdifferentview_07_20_18_1200,2,0.41530309,scheonoplectus,scheonoplectus,,,
centerdifferentview_07_25_18_1200,1,0.352889556,scheonoplectus,scheonoplectus,,,
centerdifferentview_07_25_18_1200,2,0.355143242,scheonoplectus,scheonoplectus,,,
centerdifferentview_08_01_18_1200,1,0.383219328,scheonoplectus,scheonoplectus,,,
centerdifferentview_08_01_18_1200,2,0.39370867,scheonoplectus,scheonoplectus,,,
centerdifferentview_08_01_18_1200,3,0.386911231,scheonoplectus,scheonoplectus,,,
centerdifferentview_08_08_17_1200,1,0.374932431,scheonoplectus,scheonoplectus,,,
centerdifferentview_08_08_17_1200,2,0.381397925,scheonoplectus,scheonoplectus,, ,
centerdifferentview_08_08_17_1200,3,0.356053333,scheonoplectus,scheonoplectus,,,
centerdifferentview_08_10_18_1200,1,0.38504936,scheonoplectus,scheonoplectus,,,
centerdifferentview_08_27_18_1200,1,0.363826943,scheonoplectus,scheonoplectus,,,
centerdifferentview_08_27_18_1200,2,0.375462577,scheonoplectus,scheonoplectus,,,
centerdifferentview_09_07_18_1200,1,0.380914194,scheonoplectus,scheonoplectus,,,
centerdifferentview_09_11_18_1200,1,0.386091123,scheonoplectus,scheonoplectus,,,
centerdifferentview_09_15_17_1200,1,0.342437048,scheonoplectus,scheonoplectus,,,
centerdifferentview_09_25_17_1200,1,0.336606142,scheonoplectus,scheonoplectus,,,
centerdifferentview_09_27_17_1200,1,0.347757536,scheonoplectus,scheonoplectus,,,
centerdifferentview_10_04_17_1200,1,0.326609313,scheonoplectus,scheonoplectus,,,
centerdifferentview_10_04_17_1200,2,0.327675094,scheonoplectus,scheonoplectus,,,
centerdifferentview_10_05_17_1200,1,0.33578578,scheonoplectus,scheonoplectus,,,
centerdifferentview_10_10_18_1200,1,0.337611777,scheonoplectus,scheonoplectus,,,
centerdifferentview_10_11_18_1200,1,0.338842876,scheonoplectus,scheonoplectus,,,
centerdifferentview_10_15_18_1200,1,0.3387619,scheonoplectus,scheonoplectus,,,
centerdifferentview_10_15_18_1200,2,0.33791277,scheonoplectus,scheonoplectus,,,
centerdifferentview_10_17_18_1200,1,0.359366087,scheonoplectus,scheonoplectus,,,
centerdifferentview_11_02_17_1200,1,0.329812998,scheonoplectus,scheonoplectus,,,
centerdifferentview_11_02_17_1200,2,0.321936792,scheonoplectus,scheonoplectus,,,
centerdifferentview_11_04_18_1200,1,0.336823091,scheonoplectus,scheonoplectus,,,
centerdifferentview_11_04_18_1200,2,0.328799095,scheonoplectus,scheonoplectus,,,
centerdifferentview_11_14_18_1200,1,0.319100966,scheonoplectus,scheonoplectus,,,
centerdifferentview_11_14_18_1200,2,0.31924077,scheonoplectus,scheonoplectus,,,
centermarsh_03_01_18_1200,1,0.323289809,mixed,scheonoplectus,,phragmites,
centermarsh_03_05_18_1200,1,0.331496219,mixed,scheonoplectus,,,
centermarsh_03_05_18_1200,2,0.323323449,mixed,iva,scheonoplectus,,
centermarsh_03_06_19_1200,1,0.3338329,scheonoplectus,scheonoplectus,,,
centermarsh_03_07_18_1200,1,0.32018088,mixed,scheonoplectus,,,
centermarsh_03_07_18_1200,2,0.32182585,mixed,scheonoplectus,,,
centermarsh_03_07_19_1200,1,0.327386,scheonoplectus,scheonoplectus,,iva,
centermarsh_03_08_18_1200,1,0.318458339,mixed,scheonoplectus,,,
centermarsh_03_08_18_1200,2,0.330703944,mixed,scheonoplectus,,,
centermarsh_03_08_19_1200,1,0.3283885,scheonoplectus,scheonoplectus,,,
centermarsh_03_08_19_1200,2,0.3262567,scheonoplectus,scheonoplectus,,,
centermarsh_03_11_19_1200,1,0.3409475,scheonoplectus,scheonoplectus,,,
centermarsh_03_11_19_1200,2,0.3413299,scheonoplectus,scheonoplectus,,,
centermarsh_03_12_18_1200,1,0.324787491,mixed,scheonoplectus,,,
centermarsh_03_12_18_1200,2,0.322637063,mixed,iva,scheonoplectus,,
centermarsh_03_14_18_1200,1,0.325620663,mixed,c4,scheonoplectus,iva,
centermarsh_03_15_18_1200,1,0.332906232,mixed,iva,scheonoplectus,phragmites,
centermarsh_03_15_18_1200,2,0.331198844,scheonoplectus,scheonoplectus,,,
centermarsh_03_16_18_1200,1,0.317570009,mixed,scheonoplectus,,iva,
centermarsh_03_18_19_1200,1,0.3344753,scheonoplectus,c4,iva,scheonoplectus,
centermarsh_03_22_18_1200,1,0.326254753,mixed,phragmites,,,
centermarsh_03_22_19_1200,1,0.3396262,scheonoplectus,scheonoplectus,,,
centermarsh_03_22_19_1200,2,0.3375445,scheonoplectus,scheonoplectus,,,
centermarsh_03_23_19_1200,1,0.3374053,scheonoplectus,c4,scheonoplectus,iva,
centermarsh_03_25_19_1200,1,0.3351865,scheonoplectus,c4,scheonoplectus,iva,
centermarsh_03_26_18_1200,1,0.329450822,mixed,c4,scheonoplectus,iva,
centermarsh_03_26_18_1200,2,0.333077982,mixed,scheonoplectus,,,
centermarsh_03_27_18_1200,1,0.326412019,mixed,scheonoplectus,,,
centermarsh_03_27_18_1200,2,0.324202949,mixed,scheonoplectus,,,
centermarsh_03_27_19_1200,1,0.3349979,scheonoplectus,c4,scheonoplectus,iva,
centermarsh_03_29_18_1200,1,0.333777433,mixed,iva,scheonoplectus,,
centermarsh_03_29_18_1200,2,0.330475634,mixed,iva,scheonoplectus,,
centermarsh_03_30_18_1200,1,0.324147376,mixed,iva,scheonoplectus,,
centermarsh_04_01_19_1200,1,0.3382257,scheonoplectus,scheonoplectus,,,
centermarsh_04_01_19_1200,2,0.3359767,scheonoplectus,scheonoplectus,,,
centermarsh_04_03_18_1200,1,0.323448366,mixed,c4,scheonoplectus,iva,
centermarsh_04_04_19_1200,1,0.3368843,scheonoplectus,scheonoplectus,,,
centermarsh_04_04_19_1200,2,0.3366371,scheonoplectus,scheonoplectus,,,
centermarsh_04_05_18_1200,1,0.328079621,mixed,c4,scheonoplectus,iva,
centermarsh_04_05_19_1200,1,0.3347622,scheonoplectus,c4,scheonoplectus,iva,
centermarsh_04_05_19_1200,2,0.3344106,scheonoplectus,c4,scheonoplectus,iva,
centermarsh_04_08_19_1200,1,0.3392298,scheonoplectus,c4,iva,,
centermarsh_04_09_19_1200,1,0.339315921,scheonoplectus,scheonoplectus,,iva,
centermarsh_04_09_19_1200,2,0.340811042,scheonoplectus,scheonoplectus,,,
centermarsh_04_10_19_1200,1,0.339139231,scheonoplectus,scheonoplectus,,,
centermarsh_04_10_19_1200,2,0.340041401,scheonoplectus,scheonoplectus,,,
centermarsh_04_11_18_1200,1,0.326953598,mixed,scheonoplectus,,,
centermarsh_04_11_19_1200,1,0.3379058,scheonoplectus,scheonoplectus,,,
centermarsh_04_11_19_1200,2,0.3398865,scheonoplectus,scheonoplectus,,,
centermarsh_04_12_18_1200,1,0.325871596,mixed,scheonoplectus,,,
centermarsh_04_13_18_1200,1,0.333189939,mixed,scheonoplectus,,,
centermarsh_04_18_17_1200,1,0.327892867,scheonoplectus,scheonoplectus,,,
centermarsh_04_18_18_1200,1,0.329158376,mixed,scheonoplectus,,,
centermarsh_05_07_18_1200,1,0.339346557,mixed,scheonoplectus,,iva,
centermarsh_05_07_19_1200,1,0.370289973,scheonoplectus,c4,scheonoplectus,,
centermarsh_05_08_18_1200,1,0.331806751,scheonoplectus,scheonoplectus,,,
centermarsh_05_10_18_1200,1,0.344627829,mixed,c4,scheonoplectus,,
centermarsh_05_10_19_1200,1,0.386322384,scheonoplectus,c4,scheonoplectus,,
centermarsh_05_13_19_1200,1,0.435244384,mixed,iva,scheonoplectus,,
centermarsh_05_13_19_1200,2,0.412517829,scheonoplectus,c4,scheonoplectus,,
centermarsh_05_14_19_1200,1,0.377772319,scheonoplectus,c4,scheonoplectus,,
centermarsh_05_14_19_1200,2,0.438504184,scheonoplectus,c4,scheonoplectus,,
centermarsh_05_14_19_1200,3,0.397737196,scheonoplectus,c4,scheonoplectus,,
centermarsh_05_16_18_1200,1,0.388465056,mixed,c4,scheonoplectus,iva,
centermarsh_05_17_18_1200,1,0.410137815,mixed,c4,scheonoplectus,iva,
centermarsh_05_24_17_1200,1,0.402922581,scheonoplectus,c4,,,
centermarsh_05_27_19_1200,1,0.413377458,scheonoplectus,scheonoplectus,,,
centermarsh_05_31_19_1200,1,0.48775282,scheonoplectus,scheonoplectus,,hibiscus,
centermarsh_06_02_17_1200,1,0.416737901,scheonoplectus,scheonoplectus,,,
centermarsh_06_06_19_1200,1,0.458743228,scheonoplectus,scheonoplectus,,,
centermarsh_06_06_19_1200,2,0.495119018,scheonoplectus,scheonoplectus,,,
centermarsh_06_13_18_1200,1,0.499906836,scheonoplectus,scheonoplectus,,,
centermarsh_06_13_18_1200,2,0.471429879,mixed,scheonoplectus,,hibiscus,iva
centermarsh_06_13_18_1200,3,0.489102326,scheonoplectus,scheonoplectus,,,
centermarsh_06_13_19_1200,1,0.468940978,scheonoplectus,scheonoplectus,,,
centermarsh_06_13_19_1200,2,0.43954766,scheonoplectus,scheonoplectus,,,
centermarsh_06_16_19_1200,1,0.468533563,mixed,scheonoplectus,,hibiscus,typha
centermarsh_06_17_18_1200,1,0.475338665,scheonoplectus,scheonoplectus,,,
centermarsh_06_17_18_1200,2,0.442716054,mixed,scheonoplectus,,hibiscus,
centermarsh_06_19_18_1200,1,0.469683862,scheonoplectus,scheonoplectus,,,
centermarsh_06_19_18_1200,2,0.444942993,mixed,scheonoplectus,,hibiscus,
centermarsh_06_20_19_1200,1,0.459889523,mixed,typha,,,
centermarsh_06_20_19_1200,2,0.441838354,mixed,scheonoplectus,,hibiscus,
centermarsh_06_21_19_1200,1,0.452760515,scheonoplectus,scheonoplectus,,,
centermarsh_06_23_18_1200,1,0.476857261,mixed,scheonoplectus,,hibiscus,
centermarsh_06_23_18_1200,2,0.494081471,mixed,scheonoplectus,,typha,
centermarsh_06_23_19_1200,1,0.439630436,scheonoplectus,scheonoplectus,,,
centermarsh_06_23_19_1200,2,0.432647102,scheonoplectus,scheonoplectus,,,
centermarsh_07_03_18_1200,1,0.447903638,mixed,scheonoplectus,,hibiscus,
centermarsh_07_03_18_1200,2,0.502159177,mixed,scheonoplectus,,,
centermarsh_07_07_17_1200,1,0.391612707,scheonoplectus,scheonoplectus,,,
centermarsh_07_11_18_1200,1,0.440840364,mixed,scheonoplectus,,amaranthus,hibiscus
centermarsh_07_11_18_1200,2,0.440375543,mixed,scheonoplectus,,,
centermarsh_07_12_18_1200,1,0.402585238,mixed,scheonoplectus,,phragmites,
centermarsh_07_15_18_1200,1,0.432329545,mixed,scheonoplectus,,amaranthus,hibiscus
centermarsh_07_16_18_1200,1,0.445715151,mixed,scheonoplectus,,amaranthus,hibiscus
centermarsh_07_16_18_1200,2,0.45524902,mixed,scheonoplectus,,hibiscus,
centermarsh_07_18_17_1200,1,0.377092486,scheonoplectus,scheonoplectus,,phragmites,
centermarsh_07_18_18_1200,1,0.468196779,mixed,scheonoplectus,,amaranthus,hibiscus
centermarsh_07_24_18_1200,1,0.439202855,mixed,c4,iva,,
centermarsh_07_24_18_1200,2,0.396326005,mixed,iva,phragmites,,
centermarsh_07_26_17_1200,1,0.420870961,iva,iva,,,
centermarsh_08_01_17_1200,1,0.393996145,scheonoplectus,scheonoplectus,,,
centermarsh_08_02_18_1200,1,0.421601288,scheonoplectus,scheonoplectus,,,
centermarsh_08_03_18_1200,1,0.423754074,mixed,c4,scheonoplectus,hibiscus,typha
centermarsh_08_06_18_1200,1,0.42640657,mixed,c4,scheonoplectus,hibiscus,typha
centermarsh_08_07_18_1200,1,0.424223822,mixed,scheonoplectus,,,
centermarsh_08_07_18_1200,2,0.449845274,mixed,scheonoplectus,,amaranthus,typha
centermarsh_08_07_18_1200,3,0.365320636,scheonoplectus,scheonoplectus,,,
centermarsh_08_08_18_1200,1,0.420065197,mixed,scheonoplectus,,amaranthus,hibiscus
centermarsh_08_08_18_1200,2,0.443551967,mixed,scheonoplectus,,amaranthus,hibiscus
centermarsh_08_08_18_1200,3,0.450291229,mixed,scheonoplectus,,hibiscus,
centermarsh_08_13_18_1200,1,0.415791692,mixed,scheonoplectus,,amaranthus,hibiscus
centermarsh_08_13_18_1200,2,0.403636758,mixed,scheonoplectus,,amaranthus,
centermarsh_08_17_18_1200,1,0.402511315,mixed,scheonoplectus,,hibiscus,
centermarsh_08_17_18_1200,2,0.417500926,mixed,scheonoplectus,,hibiscus,
centermarsh_08_23_17_1200,1,0.397147867,scheonoplectus,scheonoplectus,,,
centermarsh_08_25_17_1200,1,0.39788106,scheonoplectus,scheonoplectus,,,
centermarsh_08_29_18_1200,1,0.384985803,mixed,scheonoplectus,,hibiscus,
centermarsh_08_29_18_1200,2,0.403739851,mixed,scheonoplectus,,hibiscus,
centermarsh_08_29_18_1200,3,0.401335856,mixed,scheonoplectus,,,
centermarsh_08_30_19_1200,1,0.391465208,mixed,scheonoplectus,,iva,
centermarsh_08_30_19_1200,2,0.40277999,mixed,scheonoplectus,,phragmites,
centermarsh_09_03_18_1200,1,0.394899352,scheonoplectus,scheonoplectus,,amaranthus,hibiscus
centermarsh_09_05_18_1200,1,0.398760407,scheonoplectus,scheonoplectus,,,
centermarsh_09_10_17_1200,1,0.359965615,scheonoplectus,scheonoplectus,,,
centermarsh_09_13_18_1200,1,0.36181499,scheonoplectus,scheonoplectus,,,
centermarsh_09_18_18_1200,1,0.359290198,scheonoplectus,scheonoplectus,,,
centermarsh_09_24_17_1200,1,0.34123287,scheonoplectus,scheonoplectus,,,
centermarsh_09_25_18_1200,1,0.372140171,scheonoplectus,scheonoplectus,,,
centermarsh_09_26_18_1200,1,0.36195773,scheonoplectus,scheonoplectus,,c4,
centermarsh_09_28_18_1200,1,0.36617786,scheonoplectus,scheonoplectus,,c4,hibiscus
centermarsh_10_03_17_1200,1,0.342458993,scheonoplectus,scheonoplectus,,c4,
centermarsh_10_03_18_1200,1,0.383676095,scheonoplectus,scheonoplectus,,c4,
centermarsh_10_09_17_1200,1,0.321882978,scheonoplectus,scheonoplectus,,,
centermarsh_10_09_17_1200,2,0.333936929,scheonoplectus,scheonoplectus,,,
centermarsh_10_12_17_1200,1,0.333947403,scheonoplectus,scheonoplectus,,,
centermarsh_10_13_17_1200,1,0.337607757,scheonoplectus,scheonoplectus,,,
centermarsh_10_13_17_1200,2,0.346687219,scheonoplectus,scheonoplectus,,,
centermarsh_10_20_17_1200,1,0.306628756,scheonoplectus,scheonoplectus,,,
centermarsh_10_22_18_1200,1,0.352710329,scheonoplectus,scheonoplectus,,,
centermarsh_10_23_18_1200,1,0.349565095,scheonoplectus,scheonoplectus,,,
centermarsh_10_25_17_1200,1,0.336856643,scheonoplectus,scheonoplectus,,,
centermarsh_10_25_17_1200,2,0.345293286,scheonoplectus,scheonoplectus,,,
centermarsh_10_27_17_1200,1,0.334180522,scheonoplectus,scheonoplectus,,,
centermarsh_10_27_17_1200,2,0.329162546,scheonoplectus,scheonoplectus,,,
centermarsh_10_28_18_1200,1,0.341154832,scheonoplectus,scheonoplectus,,,
centermarsh_10_29_18_1200,1,0.362563399,scheonoplectus,scheonoplectus,,,
centermarsh_10_29_18_1200,2,0.340667247,scheonoplectus,scheonoplectus,,,
centermarsh_10_30_17_1200,1,0.333503576,scheonoplectus,scheonoplectus,,,
centermarsh_11_01_17_1200,1,0.341166263,scheonoplectus,scheonoplectus,,,
centermarsh_11_01_17_1200,2,0.342520344,scheonoplectus,scheonoplectus,,,
centermarsh_11_01_17_1200,3,0.341219184,scheonoplectus,scheonoplectus,,,
centermarsh_11_01_17_1200,4,0.341729236,scheonoplectus,scheonoplectus,,,
centermarsh_11_07_18_1200,1,0.331541259,scheonoplectus,scheonoplectus,,,
centermarsh_11_09_17_1200,1,0.338484928,scheonoplectus,scheonoplectus,,,
centermarsh_11_09_17_1200,2,0.333558187,scheonoplectus,scheonoplectus,,,
centermarsh_11_13_17_1200,1,0.319669185,scheonoplectus,scheonoplectus,,,
centermarsh_11_13_17_1200,2,0.319963455,scheonoplectus,scheonoplectus,,,
centermarsh_11_15_18_1200,1,0.327307858,scheonoplectus,scheonoplectus,,,
centermarsh_11_16_17_1200,1,0.325364432,scheonoplectus,scheonoplectus,,,
centermarsh_11_18_18_1200,1,0.332732353,scheonoplectus,scheonoplectus,,,
centermarsh_11_19_18_1200,1,0.336989343,scheonoplectus,scheonoplectus,,,
centermarsh_11_19_18_1200,2,0.329901601,scheonoplectus,scheonoplectus,,,
centermarsh_11_23_18_1200,1,0.328854236,scheonoplectus,scheonoplectus,,,
centermarsh_11_23_18_1200,2,0.332480914,scheonoplectus,scheonoplectus,,,
centermarsh_12_22_17_1200,1,0.32822646,scheonoplectus,scheonoplectus,,,
centermarsh_12_22_17_1200,2,0.328597574,scheonoplectus,scheonoplectus,,,
centermarsh_12_24_18_1200,1,0.324387552,scheonoplectus,scheonoplectus,,,
centermarsh_12_27_17_1200,1,0.322041433,scheonoplectus,scheonoplectus,,,
centermarsh_12_28_18_1200,1,0.304823687,scheonoplectus,scheonoplectus,,,
centermarsh_12_28_18_1200,2,0.310132735,scheonoplectus,scheonoplectus,,,
centermarsh_12_31_17_1200,1,0.335691397,scheonoplectus,scheonoplectus,,,
centermarsh2_07_24_18_1200,1,0.399080082,mixed,scheonoplectus,,iva,
centerright_03_05_18_1200,1,0.32151515,scheonoplectus,scheonoplectus,,,
centerright_03_05_19_1200,1,0.3268069,scheonoplectus,scheonoplectus,,,
centerright_03_06_18_1200,1,0.330442636,scheonoplectus,scheonoplectus,,,
centerright_03_06_18_1200,2,0.330769198,scheonoplectus,scheonoplectus,,,
centerright_03_13_18_1200,1,0.334094763,scheonoplectus,scheonoplectus,,,
centerright_03_13_18_1200,2,0.329842133,scheonoplectus,scheonoplectus,,,
centerright_03_23_18_1200,1,0.324602228,scheonoplectus,scheonoplectus,,,
centerright_03_26_19_1200,1,0.324242981,scheonoplectus,scheonoplectus,,,
centerright_04_05_19_1200,1,0.33450252,scheonoplectus,scheonoplectus,,,
centerright_04_05_19_1200,2,0.334811935,scheonoplectus,scheonoplectus,,,
centerright_04_30_18_1200,1,0.328504082,scheonoplectus,scheonoplectus,,,
centerright_05_01_19_1200,1,0.34913737,scheonoplectus,c4,scheonoplectus,,
centerright_05_11_18_1200,1,0.351528654,scheonoplectus,c4,scheonoplectus,,
centerright_05_27_19_1200,1,0.426953777,scheonoplectus,scheonoplectus,,,
centerright_05_27_19_1200,2,0.427700945,scheonoplectus,scheonoplectus,,,
centerright_05_28_19_1200,1,0.4068238,scheonoplectus,scheonoplectus,,,
centerright_05_28_19_1200,2,0.411682,scheonoplectus,scheonoplectus,,,
centerright_06_08_18_1200,1,0.435806164,scheonoplectus,scheonoplectus,,,
centerright_06_08_18_1200,2,0.432011086,scheonoplectus,scheonoplectus,,,
centerright_06_08_18_1200,3,0.401354138,scheonoplectus,scheonoplectus,,,
centerright_06_12_18_1200,1,0.488813131,mixed,c4,iva,,
centerright_06_14_18_1200,1,0.401762893,scheonoplectus,scheonoplectus,,,
centerright_06_14_18_1200,2,0.408196422,scheonoplectus,scheonoplectus,,,
centerright_06_14_18_1200,3,0.397203644,scheonoplectus,scheonoplectus,,,
centerright_06_16_19_1200,1,0.4114608,scheonoplectus,scheonoplectus,,,
centerright_06_20_18_1200,1,0.465469441,scheonoplectus,scheonoplectus,,,
centerright_06_20_18_1200,2,0.4409681,mixed,scheonoplectus,,iva,
centerright_06_21_19_1200,1,0.4159364,scheonoplectus,scheonoplectus,,  ,
centerright_06_25_19_1200,1,0.4106251,scheonoplectus,scheonoplectus,,,
centerright_06_27_18_1200,1,0.412354443,mixed,iva,scheonoplectus,,
centerright_06_27_18_1200,2,0.435800543,scheonoplectus,scheonoplectus,,,
centerright_06_27_18_1200,3,0.456700655,mixed,c4,,,
centerright_06_27_18_1200,4,0.466049954,scheonoplectus,scheonoplectus,,,
centerright_06_27_19_1200,1,0.4180258,scheonoplectus,scheonoplectus,,,
centerright_06_27_19_1200,2,0.4110548,scheonoplectus,scheonoplectus,,,
centerright_07_09_18_1200,1,0.441112494,mixed,scheonoplectus,,c4,
centerright_07_15_17_1200,1,0.39203894,scheonoplectus,scheonoplectus,,,
centerright_07_15_17_1200,2,0.386423042,scheonoplectus,scheonoplectus,,,
centerright_07_24_18_1200,1,0.398963123,mixed,scheonoplectus,,hibiscus,
centerright_07_25_18_1200,1,0.371077722,scheonoplectus,scheonoplectus,,,
centerright_07_25_18_1200,2,0.387314186,scheonoplectus,scheonoplectus,,,
centerright_07_25_18_1200,3,0.365310973,scheonoplectus,scheonoplectus,,,
centerright_07_28_18_1200,1,0.431594432,scheonoplectus,scheonoplectus,,,
centerright_08_01_17_1200,1,0.35173351,scheonoplectus,scheonoplectus,,,
centerright_08_10_17_1200,1,0.36863261,scheonoplectus,scheonoplectus,,,
centerright_08_13_18_1200,1,0.410665905,scheonoplectus,scheonoplectus,,,
centerright_08_15_17_1200,1,0.412039556,scheonoplectus,scheonoplectus,,,
centerright_08_20_18_1200,1,0.370165055,scheonoplectus,scheonoplectus,,,
centerright_08_20_18_1200,2,0.426512182,scheonoplectus,scheonoplectus,,hibiscus,
centerright_08_26_17_1200,1,0.361121229,scheonoplectus,scheonoplectus,,,
centerright_08_28_17_1200,1,0.371113675,iva,iva,,,
centerright_08_28_17_1200,2,0.354334736,scheonoplectus,scheonoplectus,,,
centerright_09_06_17_1200,1,0.363554261,scheonoplectus,scheonoplectus,,,
centerright_09_10_18_1200,1,0.365051296,scheonoplectus,scheonoplectus,,,
centerright_09_11_17_1200,1,0.356658682,scheonoplectus,scheonoplectus,,,
centerright_09_14_18_1200,1,0.374082773,scheonoplectus,scheonoplectus,,,
centerright_09_21_17_1200,1,0.338967583,scheonoplectus,scheonoplectus,,,
centerright_09_21_17_1200,2,0.331858007,scheonoplectus,scheonoplectus,,,
centerright_09_21_18_1200,1,0.326813534,scheonoplectus,scheonoplectus,,,
centerright_09_22_17_1200,1,0.337945837,scheonoplectus,scheonoplectus,,,
centerright_10_02_18_1200,1,0.384745987,scheonoplectus,scheonoplectus,,,
centerright_10_08_17_1200,1,0.3289175,scheonoplectus,scheonoplectus,,,
centerright_10_16_17_1200,1,0.320768189,scheonoplectus,scheonoplectus,,,
centerright_10_18_17_1200,1,0.308455654,scheonoplectus,scheonoplectus,,,
centerright_10_19_18_1200,1,0.328626222,scheonoplectus,scheonoplectus,,,
centerright_10_24_18_1200,1,0.346324239,scheonoplectus,scheonoplectus,,,
centerright_11_04_18_1200,1,0.337505837,scheonoplectus,scheonoplectus,,,
centerright_11_04_18_1200,2,0.328417862,scheonoplectus,scheonoplectus,,,
centerright_11_08_18_1200,1,0.330453698,scheonoplectus,scheonoplectus,,,
centerright_11_08_18_1200,2,0.329263281,scheonoplectus,scheonoplectus,,,
centerright_11_09_17_1200,1,0.340160897,scheonoplectus,scheonoplectus,,,
centerright_11_09_17_1200,2,0.32956571,scheonoplectus,scheonoplectus,,,
centerright_11_15_17_1200,1,0.318241484,scheonoplectus,scheonoplectus,,,
centerright_11_21_18_1200,1,0.324682019,scheonoplectus,scheonoplectus,,,
centerright_11_22_17_1200,1,0.311860629,scheonoplectus,scheonoplectus,,,
centerright_11_24_17_1200,1,0.325150892,scheonoplectus,scheonoplectus,,,
centerright_11_24_17_1200,2,0.318330501,scheonoplectus,scheonoplectus,,,
centerright_12_24_18_1200,1,0.326998011,scheonoplectus,scheonoplectus,,,
centerright_12_24_18_1200,2,0.326192527,scheonoplectus,scheonoplectus,,,
centerright2_06_27_18_1200,1,0.425474794,scheonoplectus,scheonoplectus,,,
centerright2_06_27_18_1200,2,0.387825226,scheonoplectus,scheonoplectus,,,
centerright2_06_27_18_1200,3,0.37765502,scheonoplectus,scheonoplectus,,,
co2experiments_04_03_19_1200,1,0.33095331,scheonoplectus,scheonoplectus,,,
co2experiments_04_03_19_1200,2,0.327122373,scheonoplectus,scheonoplectus,,,
co2experiments_04_18_19_1200,1,0.3376586,scheonoplectus,scheonoplectus,,,
co2experiments_04_18_19_1200,2,0.33871,scheonoplectus,scheonoplectus,,,
co2experiments_04_30_19_1200,1,0.33657578,scheonoplectus,scheonoplectus,,,
co2experiments_04_30_19_1200,2,0.338887731,scheonoplectus,scheonoplectus,,,
co2experiments_05_03_18_1200,1,0.328580554,scheonoplectus,scheonoplectus,,,
co2experiments_06_11_19_1200,1,0.4172639,scheonoplectus,scheonoplectus,,,
co2experiments_06_13_18_1200,1,0.443223061,scheonoplectus,scheonoplectus,,,
co2experiments_06_27_18_1200,1,0.433767116,scheonoplectus,scheonoplectus,,,
co2experiments_07_20_17_1200,1,0.378913895,scheonoplectus,scheonoplectus,,,
co2experiments_07_20_17_1200,2,0.376955451,scheonoplectus,scheonoplectus,,,
co2experiments_07_23_18_1200,1,0.389288056,scheonoplectus,scheonoplectus,,,
co2experiments_07_24_17_1200,1,0.364370946,scheonoplectus,scheonoplectus,,,
co2experiments_07_24_17_1200,2,0.366833786,scheonoplectus,scheonoplectus,,,
co2experiments_07_25_17_1200,1,0.34775136,scheonoplectus,scheonoplectus,,,
co2experiments_07_25_17_1200,2,0.358757804,scheonoplectus,scheonoplectus,,,
co2experiments_07_30_18_1200,1,0.401906381,scheonoplectus,scheonoplectus,,,
co2experiments_08_02_18_1200,1,0.433961599,scheonoplectus,scheonoplectus,,,
co2experiments_08_02_18_1200,2,0.434029121,scheonoplectus,scheonoplectus,,,
co2experiments_09_07_17_1200,1,0.364787308,scheonoplectus,scheonoplectus,,,
co2experiments_10_15_18_1200,1,0.334558598,scheonoplectus,scheonoplectus,,,
co2experiments_10_15_18_1200,2,0.335970719,scheonoplectus,scheonoplectus,,,
co2experiments_11_17_17_1200,1,0.338038781,scheonoplectus,scheonoplectus,,,
co2experiments2_06_11_19_1200,1,0.466086,scheonoplectus,scheonoplectus,,,
creek_06_07_18_1200,1,0.471217129,mixed,iva,scheonoplectus,,
creek_06_07_18_1200,2,0.469611352,mixed,iva,scheonoplectus,,
creek_06_25_18_1200,1,0.457461276,mixed,iva,scheonoplectus,,
creek_08_31_17_1200,1,0.388321513,scheonoplectus,scheonoplectus,,,
creek_09_09_18_1200,1,0.361737293,iva,iva,,,
creek_09_09_18_1200,2,0.371247279,iva,iva,,,
creek_10_24_17_1200,1,0.338610334,scheonoplectus,scheonoplectus,,,
estuary_03_01_18_1200,1,0.326036179,mixed,iva,spartina,,
estuary_03_01_18_1200,2,0.330439191,phragmites,phragmites,,,
estuary_03_04_19_1200,1,0.320363474,mixed,iva,spartina,,
estuary_03_04_19_1200,2,0.334935951,phragmites,phragmites,,,
estuary_03_05_19_1200,1,0.3135219,mixed,iva,spartina,,
estuary_03_05_19_1200,2,0.3198329,phragmites,phragmites,,,
estuary_03_06_19_1200,1,0.320635,mixed,iva,spartina,,
estuary_03_06_19_1200,2,0.3290297,phragmites,phragmites,,,
estuary_03_07_17_1200,1,0.328675589,mixed,iva,spartina,,
estuary_03_07_17_1200,2,0.33274733,phragmites,phragmites,,,
estuary_03_07_18_1200,1,0.318764451,mixed,iva,spartina,,
estuary_03_07_18_1200,2,0.323221214,phragmites,phragmites,,,
estuary_03_07_19_1200,1,0.3331273,mixed,iva,spartina,,
estuary_03_07_19_1200,2,0.3388303,phragmites,phragmites,,,
estuary_03_08_18_1200,1,0.319007803,mixed,iva,spartina,,
estuary_03_08_18_1200,2,0.324545289,phragmites,phragmites,,,
estuary_03_08_19_1200,1,0.3233612,mixed,iva,spartina,,
estuary_03_08_19_1200,2,0.3294863,phragmites,phragmites,,,
estuary_03_11_19_1200,1,0.3359579,mixed,iva,spartina,,
estuary_03_11_19_1200,2,0.3408823,phragmites,phragmites,,,
estuary_03_12_19_1200,1,0.319410925,mixed,iva,spartina,,
estuary_03_12_19_1200,2,0.324187571,phragmites,phragmites,,,
estuary_03_13_18_1200,1,0.330301462,mixed,iva,spartina,,
estuary_03_13_18_1200,2,0.336977632,phragmites,phragmites,,,
estuary_03_14_18_1200,1,0.324773196,mixed,iva,spartina,,
estuary_03_14_18_1200,2,0.332264823,phragmites,phragmites,,,
estuary_03_14_19_1200,1,0.3305033,mixed,iva,spartina,,
estuary_03_14_19_1200,2,0.3395135,phragmites,phragmites,,,
estuary_03_15_19_1200,1,0.3306796,mixed,iva,spartina,,
estuary_03_15_19_1200,2,0.3428911,phragmites,phragmites,,,
estuary_03_18_19_1200,1,0.3356367,mixed,iva,spartina,,
estuary_03_18_19_1200,2,0.343783,phragmites,phragmites,,,
estuary_03_19_18_1200,1,0.332509442,mixed,iva,spartina,,
estuary_03_19_18_1200,2,0.335978454,phragmites,phragmites,,,
estuary_03_20_19_1200,1,0.3365197,mixed,iva,spartina,,
estuary_03_20_19_1200,2,0.3447596,phragmites,phragmites,,,
estuary_03_21_19_1200,1,0.3182522,mixed,iva,spartina,,
estuary_03_21_19_1200,2,0.3349526,phragmites,phragmites,,,
estuary_03_25_19_1200,1,0.3341176,mixed,iva,spartina,,
estuary_03_25_19_1200,2,0.3431054,phragmites,phragmites,,,
estuary_03_26_18_1200,1,0.32619144,mixed,iva,spartina,,
estuary_03_26_18_1200,2,0.335783021,phragmites,phragmites,,,
estuary_03_26_19_1200,1,0.3359364,mixed,iva,spartina,,
estuary_03_26_19_1200,2,0.3375438,phragmites,phragmites,,,
estuary_03_27_19_1200,1,0.3361557,mixed,iva,spartina,,
estuary_03_27_19_1200,2,0.3394195,phragmites,phragmites,,,
estuary_03_28_18_1200,1,0.323980495,mixed,iva,spartina,,
estuary_03_28_18_1200,2,0.328515242,phragmites,phragmites,,,
estuary_03_29_18_1200,1,0.328115639,mixed,iva,spartina,,
estuary_03_29_18_1200,2,0.337910075,phragmites,phragmites,,,
estuary_03_29_19_1200,1,0.3313426,mixed,iva,spartina,,
estuary_03_29_19_1200,2,0.3419554,phragmites,phragmites,,,
estuary_04_01_19_1200,1,0.33024,mixed,iva,spartina,,
estuary_04_01_19_1200,2,0.342161,phragmites,phragmites,,,
estuary_04_02_18_1200,1,0.313198728,mixed,iva,spartina,,
estuary_04_02_18_1200,2,0.32185364,phragmites,phragmites,,,
estuary_04_03_18_1200,1,0.328136343,phragmites,iva,spartina,,
estuary_04_03_19_1200,1,0.3289615,mixed,iva,spartina,,
estuary_04_03_19_1200,2,0.3442239,phragmites,phragmites,,,
estuary_04_04_18_1200,1,0.32424626,mixed,iva,spartina,,
estuary_04_04_18_1200,2,0.326444419,phragmites,phragmites,,,
estuary_04_04_19_1200,1,0.33269381,mixed,iva,spartina,,
estuary_04_04_19_1200,2,0.346302426,phragmites,phragmites,,,
estuary_04_05_18_1200,1,0.315857267,mixed,iva,spartina,,
estuary_04_05_18_1200,2,0.318798942,phragmites,phragmites,,,
estuary_04_08_19_1200,1,0.3367975,mixed,iva,spartina,,
estuary_04_08_19_1200,2,0.3427247,phragmites,phragmites,,,
estuary_04_09_19_1200,1,0.334115,mixed,iva,spartina,,
estuary_04_09_19_1200,2,0.3413353,phragmites,phragmites,,,
estuary_04_10_18_1200,1,0.31339982,mixed,iva,spartina,,
estuary_04_10_18_1200,2,0.328580427,phragmites,phragmites,,,
estuary_04_10_19_1200,1,0.3300249,mixed,iva,spartina,,
estuary_04_10_19_1200,2,0.3387346,phragmites,phragmites,,,
estuary_04_11_18_1200,1,0.316869046,mixed,iva,spartina,,
estuary_04_11_18_1200,2,0.330895206,phragmites,phragmites,,,
estuary_04_11_19_1200,1,0.3356395,mixed,iva,spartina,,
estuary_04_11_19_1200,2,0.3432792,phragmites,phragmites,,,
estuary_04_12_18_1200,1,0.320912423,mixed,iva,spartina,,
estuary_04_12_18_1200,2,0.332584076,phragmites,phragmites,,,
estuary_04_15_19_1200,1,0.3362788,mixed,iva,spartina,,
estuary_04_15_19_1200,2,0.346345,phragmites,phragmites,,,
estuary_04_16_19_1200,1,0.330995,mixed,iva,spartina,,
estuary_04_16_19_1200,2,0.3438164,phragmites,phragmites,,,
estuary_04_17_18_1200,1,0.321718433,mixed,iva,spartina,,
estuary_04_17_18_1200,2,0.326014907,phragmites,phragmites,,,
estuary_04_17_19_1200,1,0.3328536,mixed,iva,spartina,,
estuary_04_17_19_1200,2,0.3423644,phragmites,phragmites,,,
estuary_04_18_17_1200,1,0.336870625,mixed,iva,spartina,,
estuary_04_18_17_1200,2,0.337405389,phragmites,phragmites,,,
estuary_04_18_18_1200,1,0.324970386,mixed,iva,spartina,,
estuary_04_18_18_1200,2,0.334930763,phragmites,phragmites,,,
estuary_04_18_19_1200,1,0.3339889,mixed,iva,spartina,,
estuary_04_18_19_1200,2,0.3439061,phragmites,phragmites,,,
estuary_04_22_19_1200,1,0.3283162,mixed,iva,spartina,,
estuary_04_22_19_1200,2,0.338362,phragmites,phragmites,,,
estuary_04_23_18_1200,1,0.322748626,mixed,iva,spartina,,
estuary_04_23_18_1200,2,0.327939954,phragmites,phragmites,,,
estuary_04_25_18_1200,1,0.320029016,mixed,iva,spartina,,
estuary_04_25_18_1200,2,0.324899645,phragmites,phragmites,,,
estuary_04_25_19_1200,1,0.34773964,mixed,iva,spartina,,
estuary_04_25_19_1200,2,0.349308123,phragmites,phragmites,,,
estuary_04_26_18_1200,1,0.333794752,phragmites,phragmites,,,
estuary_04_27_18_1200,1,0.322331657,mixed,iva,spartina,,
estuary_04_27_18_1200,2,0.334028715,phragmites,phragmites,,,
estuary_04_30_19_1200,1,0.351781109,mixed,iva,spartina,,
estuary_04_30_19_1200,2,0.35562938,phragmites,phragmites,,,
estuary_05_01_19_1200,1,0.353122949,mixed,iva,spartina,,
estuary_05_01_19_1200,2,0.35474926,phragmites,phragmites,,,
estuary_05_02_18_1200,1,0.325959443,mixed,iva,spartina,,
estuary_05_02_18_1200,2,0.335575917,phragmites,phragmites,,,
estuary_05_03_18_1200,1,0.328225762,mixed,iva,spartina,,
estuary_05_03_18_1200,2,0.346163182,phragmites,phragmites,,,
estuary_05_07_19_1200,1,0.370497001,mixed,iva,spartina,,
estuary_05_07_19_1200,2,0.37737204,phragmites,phragmites,,,
estuary_05_08_18_1200,1,0.338262465,mixed,iva,spartina,,
estuary_05_08_18_1200,2,0.35566054,phragmites,phragmites,,,
estuary_05_09_18_1200,1,0.339341277,mixed,iva,spartina,,
estuary_05_10_18_1200,1,0.341554583,mixed,iva,spartina,,
estuary_05_10_18_1200,2,0.354500169,phragmites,phragmites,,,
estuary_05_10_19_1200,1,0.364269779,mixed,iva,spartina,,
estuary_05_10_19_1200,2,0.367392081,phragmites,phragmites,,,
estuary_05_11_18_1200,1,0.347905442,mixed,iva,spartina,,
estuary_05_11_18_1200,2,0.363384184,phragmites,phragmites,,,
estuary_05_13_19_1200,1,0.380806392,mixed,iva,spartina,,
estuary_05_13_19_1200,2,0.383833458,phragmites,phragmites,,,
estuary_05_14_18_1200,1,0.352661664,mixed,iva,spartina,,
estuary_05_14_18_1200,2,0.373893598,phragmites,phragmites,,,
estuary_05_14_19_1200,1,0.363748532,mixed,iva,spartina,,
estuary_05_14_19_1200,2,0.363098406,phragmites,phragmites,,,
estuary_05_15_19_1200,1,0.378751939,mixed,iva,spartina,,
estuary_05_15_19_1200,2,0.379280548,phragmites,phragmites,,,
estuary_05_16_18_1200,1,0.369409929,mixed,iva,spartina,,
estuary_05_16_18_1200,2,0.39652407,phragmites,phragmites,,,
estuary_05_16_19_1200,1,0.382673168,mixed,iva,spartina,,
estuary_05_16_19_1200,2,0.378556595,phragmites,phragmites,,,
estuary_05_17_17_1200,1,0.380294872,mixed,iva,spartina,,
estuary_05_17_17_1200,2,0.363479745,phragmites,phragmites,,,
estuary_05_18_18_1200,1,0.345236496,mixed,iva,spartina,,
estuary_05_18_18_1200,2,0.392824357,phragmites,phragmites,,,
estuary_05_20_19_1200,1,0.387459872,mixed,iva,spartina,,
estuary_05_20_19_1200,2,0.382569666,phragmites,phragmites,,,
estuary_05_21_18_1200,1,0.389613209,mixed,iva,spartina,,
estuary_05_21_18_1200,2,0.397089712,phragmites,phragmites,,,
estuary_05_22_18_1200,1,0.372932031,mixed,iva,spartina,,
estuary_05_22_18_1200,2,0.412462584,phragmites,phragmites,,,
estuary_05_22_19_1200,1,0.381368325,mixed,iva,spartina,,
estuary_05_22_19_1200,2,0.383648456,phragmites,phragmites,,,
estuary_05_23_18_1200,1,0.374377792,mixed,iva,spartina,,
estuary_05_23_18_1200,2,0.394122835,phragmites,phragmites,,,
estuary_05_24_18_1200,1,0.381577879,mixed,iva,spartina,,
estuary_05_24_18_1200,2,0.398960032,phragmites,phragmites,,,
estuary_05_25_18_1200,1,0.385292214,mixed,iva,spartina,,
estuary_05_25_18_1200,2,0.380699067,phragmites,phragmites,,,
estuary_05_27_19_1200,1,0.39393606,mixed,iva,spartina,,
estuary_05_27_19_1200,2,0.397367268,phragmites,phragmites,,,
estuary_05_28_18_1200,1,0.382536513,mixed,iva,spartina,,
estuary_05_28_18_1200,2,0.396695602,phragmites,phragmites,,,
estuary_05_28_19_1200,1,0.399291547,mixed,iva,spartina,,
estuary_05_28_19_1200,2,0.394316758,phragmites,phragmites,,,
estuary_05_29_19_1200,1,0.406067203,mixed,iva,spartina,,
estuary_05_29_19_1200,2,0.391619107,phragmites,phragmites,,,
estuary_05_30_19_1200,1,0.399111737,mixed,iva,spartina,,
estuary_05_30_19_1200,2,0.406253323,phragmites,phragmites,,,
estuary_05_31_19_1200,1,0.406756093,mixed,iva,spartina,,
estuary_05_31_19_1200,2,0.396101307,phragmites,phragmites,,,
estuary_06_01_18_1200,1,0.397960663,mixed,iva,spartina,,
estuary_06_01_18_1200,2,0.40465519,phragmites,phragmites,,,
estuary_06_04_18_1200,1,0.403881772,mixed,iva,spartina,,
estuary_06_04_18_1200,2,0.413721804,phragmites,phragmites,,,
estuary_06_04_19_1200,1,0.392221197,mixed,iva,spartina,,
estuary_06_04_19_1200,2,0.401845791,phragmites,phragmites,,,
estuary_06_05_18_1200,1,0.40426989,mixed,iva,phragmites,,
estuary_06_05_19_1200,1,0.415216824,mixed,iva,spartina,,
estuary_06_05_19_1200,2,0.408963896,phragmites,phragmites,,,
estuary_06_06_18_1200,1,0.414265499,mixed,iva,spartina,,
estuary_06_06_19_1200,1,0.412872871,mixed,iva,spartina,,
estuary_06_06_19_1200,2,0.412392765,phragmites,phragmites,,,
estuary_06_07_18_1200,1,0.400106746,mixed,iva,spartina,,
estuary_06_07_18_1200,2,0.418398614,phragmites,phragmites,,,
estuary_06_07_19_1200,1,0.392360463,mixed,iva,spartina,,
estuary_06_07_19_1200,2,0.392875811,phragmites,phragmites,,,
estuary_06_09_17_1200,1,0.417297978,mixed,iva,spartina,,
estuary_06_09_17_1200,2,0.399149575,mixed,phragmites,,,
estuary_06_11_18_1200,1,0.390337297,mixed,iva,spartina,,
estuary_06_11_18_1200,2,0.402786364,phragmites,phragmites,,,
estuary_06_11_19_1200,1,0.412046601,mixed,iva,spartina,,
estuary_06_11_19_1200,2,0.421771385,phragmites,phragmites,,,
estuary_06_12_18_1200,1,0.400775849,mixed,iva,spartina,,
estuary_06_12_18_1200,2,0.417228154,phragmites,phragmites,,,
estuary_06_13_18_1200,1,0.40096583,mixed,iva,spartina,,
estuary_06_13_18_1200,2,0.393313791,phragmites,phragmites,,,
estuary_06_13_19_1200,1,0.413934449,mixed,iva,spartina,,
estuary_06_13_19_1200,2,0.411090214,phragmites,phragmites,,,
estuary_06_14_18_1200,1,0.382806471,mixed,iva,spartina,,
estuary_06_14_18_1200,2,0.398371642,phragmites,phragmites,,,
estuary_06_17_18_1200,1,0.405172796,mixed,iva,spartina,,
estuary_06_17_18_1200,2,0.410596888,phragmites,phragmites,,,
estuary_06_17_19_1200,1,0.416917492,mixed,iva,spartina,,
estuary_06_17_19_1200,2,0.405461472,phragmites,phragmites,,,
estuary_06_18_18_1200,1,0.402458175,mixed,iva,spartina,,
estuary_06_18_18_1200,2,0.406727345,phragmites,phragmites,,,
estuary_06_18_19_1200,1,0.403441463,mixed,iva,spartina,,
estuary_06_18_19_1200,2,0.393249982,phragmites,phragmites,,,
estuary_06_19_17_1200,1,0.407075444,mixed,iva,spartina,,
estuary_06_19_17_1200,2,0.381551688,phragmites,phragmites,,,
estuary_06_20_17_1200,1,0.403943478,mixed,iva,spartina,,
estuary_06_20_17_1200,2,0.393637339,phragmites,phragmites,,,
estuary_06_20_18_1200,1,0.463837721,mixed,phragmites,,,
estuary_06_20_19_1200,1,0.415529099,mixed,iva,spartina,,
estuary_06_20_19_1200,2,0.407259817,phragmites,phragmites,,,
estuary_06_22_18_1200,1,0.4085654,mixed,iva,spartina,,
estuary_06_22_18_1200,2,0.427098738,phragmites,phragmites,,,
estuary_06_23_18_1200,1,0.405497169,mixed,iva,spartina,,
estuary_06_23_18_1200,2,0.414935291,phragmites,phragmites,,,
estuary_06_25_18_1200,1,0.415423547,mixed,iva,spartina,,
estuary_06_25_18_1200,2,0.419215219,phragmites,phragmites,,,
estuary_06_25_19_1200,1,0.411454503,mixed,iva,spartina,,
estuary_06_25_19_1200,2,0.413366385,phragmites,phragmites,,,
estuary_06_27_18_1200,1,0.396587217,mixed,iva,spartina,,
estuary_06_27_18_1200,2,0.400454721,phragmites,phragmites,,,
estuary_06_27_19_1200,1,0.3963571,mixed,iva,spartina,,
estuary_06_27_19_1200,2,0.3738932,phragmites,phragmites,,,
estuary_06_29_18_1200,1,0.396051725,mixed,iva,spartina,,
estuary_06_29_18_1200,2,0.399686754,phragmites,phragmites,,,
estuary_07_01_19_1200,1,0.4262449,mixed,iva,spartina,,
estuary_07_01_19_1200,2,0.4258661,phragmites,phragmites,,,
estuary_07_02_18_1200,1,0.39531327,mixed,iva,spartina,,
estuary_07_02_18_1200,2,0.408459237,phragmites,phragmites,,,
estuary_07_03_18_1200,1,0.412628613,mixed,iva,spartina,,
estuary_07_03_18_1200,2,0.395483121,phragmites,phragmites,,,
estuary_07_03_19_1200,1,0.3957498,mixed,iva,spartina,,
estuary_07_03_19_1200,2,0.4087243,phragmites,phragmites,,,
estuary_07_04_19_1200,1,0.396965,phragmites,phragmites,,,
estuary_07_05_18_1200,1,0.402346699,mixed,iva,spartina,,
estuary_07_05_18_1200,2,0.397096758,phragmites,phragmites,,,
estuary_07_06_18_1200,1,0.40313081,mixed,iva,spartina,,
estuary_07_06_18_1200,2,0.403826109,phragmites,phragmites,,,
estuary_07_07_17_1200,1,0.41255377,iva,iva,,,
estuary_07_07_17_1200,2,0.400141685,phragmites,phragmites,,,
estuary_07_07_19_1200,1,0.416653227,mixed,iva,spartina,,
estuary_07_07_19_1200,2,0.417685599,phragmites,phragmites,,,
estuary_07_09_18_1200,1,0.403326747,mixed,iva,spartina,,
estuary_07_09_18_1200,2,0.39807996,phragmites,phragmites,,,
estuary_07_10_17_1200,1,0.391462117,mixed,iva,spartina,,
estuary_07_10_17_1200,2,0.387302643,phragmites,phragmites,,,
estuary_07_10_18_1200,1,0.41584633,mixed,iva,spartina,,
estuary_07_10_18_1200,2,0.40271636,phragmites,phragmites,,,
estuary_07_11_17_1200,1,0.408411497,mixed,iva,spartina,,
estuary_07_11_17_1200,2,0.383799362,phragmites,phragmites,,,
estuary_07_11_19_1200,1,0.416926912,mixed,iva,spartina,,
estuary_07_11_19_1200,2,0.398945784,phragmites,phragmites,,,
estuary_07_12_18_1200,1,0.411628881,mixed,iva,spartina,,
estuary_07_12_18_1200,2,0.409908789,phragmites,phragmites,,,
estuary_07_14_17_1200,1,0.408918626,mixed,iva,spartina,,
estuary_07_14_17_1200,2,0.394100127,phragmites,phragmites,,,
estuary_07_16_18_1200,1,0.408423617,mixed,iva,spartina,,
estuary_07_16_18_1200,2,0.399626771,phragmites,phragmites,,,
estuary_07_17_17_1200,1,0.394440583,mixed,iva,spartina,,
estuary_07_17_17_1200,2,0.383367448,phragmites,phragmites,,,
estuary_07_17_18_1200,1,0.412814329,mixed,iva,spartina,,
estuary_07_17_18_1200,2,0.415609504,phragmites,phragmites,,,
estuary_07_19_18_1200,1,0.411139735,mixed,iva,spartina,,
estuary_07_19_18_1200,2,0.415821233,phragmites,phragmites,,,
estuary_07_20_17_1200,1,0.418167672,iva,iva,phragmites,,
estuary_07_20_17_1200,2,0.427676892,iva,iva,,,
estuary_07_23_18_1200,1,0.42302121,mixed,iva,spartina,,
estuary_07_23_18_1200,2,0.416086338,phragmites,phragmites,,,
estuary_07_24_17_1200,1,0.400493247,mixed,iva,spartina,,
estuary_07_24_17_1200,2,0.383927291,phragmites,phragmites,,,
estuary_07_24_18_1200,1,0.441310518,mixed,phragmites,,iva,
estuary_07_24_18_1200,2,0.440229271,mixed,iva,phragmites,,
estuary_07_24_18_1200,3,0.459701328,mixed,iva,spartina,,
estuary_07_25_17_1200,1,0.404881425,mixed,iva,spartina,,
estuary_07_25_17_1200,2,0.390281748,phragmites,phragmites,,,
estuary_07_26_18_1200,1,0.412065495,mixed,iva,spartina,,
estuary_07_26_18_1200,2,0.417339872,phragmites,phragmites,,,
estuary_07_30_17_1200,1,0.415502117,mixed,iva,spartina,,
estuary_07_30_17_1200,2,0.391063028,phragmites,phragmites,,,
estuary_07_30_18_1200,1,0.389176391,mixed,iva,spartina,,
estuary_07_30_18_1200,2,0.392444989,phragmites,phragmites,,,
estuary_08_03_17_1200,1,0.414327359,mixed,iva,spartina,,
estuary_08_03_17_1200,2,0.386260285,phragmites,phragmites,,,
estuary_08_03_18_1200,1,0.410516083,mixed,iva,spartina,,
estuary_08_03_18_1200,2,0.395050076,phragmites,phragmites,,,
estuary_08_04_17_1200,1,0.397397985,mixed,iva,spartina,,
estuary_08_06_17_1200,1,0.360849768,phragmites,phragmites,,,
estuary_08_06_17_1200,2,0.375835471,mixed,iva,spartina,,
estuary_08_07_17_1200,1,0.414105763,mixed,iva,spartina,,
estuary_08_07_17_1200,2,0.393615844,phragmites,phragmites,,,
estuary_08_08_17_1200,1,0.411142166,mixed,iva,spartina,,
estuary_08_08_17_1200,2,0.396543869,phragmites,phragmites,,,
estuary_08_08_18_1200,1,0.410943374,mixed,iva,spartina,,
estuary_08_08_18_1200,2,0.406860804,phragmites,phragmites,,,
estuary_08_10_17_1200,1,0.386810165,mixed,iva,spartina,,
estuary_08_10_17_1200,2,0.377288048,phragmites,phragmites,,,
estuary_08_11_17_1200,1,0.395115462,mixed,iva,spartina,,
estuary_08_11_17_1200,2,0.383043742,phragmites,phragmites,,,
estuary_08_13_18_1200,1,0.405628242,mixed,iva,spartina,,
estuary_08_13_18_1200,2,0.409077755,phragmites,phragmites,,,
estuary_08_14_17_1200,1,0.396541679,mixed,iva,spartina,,
estuary_08_14_17_1200,2,0.384349505,phragmites,phragmites,,,
estuary_08_14_18_1200,1,0.406520143,mixed,iva,spartina,,
estuary_08_14_18_1200,2,0.402930204,phragmites,phragmites,,,
estuary_08_16_17_1200,1,0.366761169,mixed,iva,spartina,,
estuary_08_16_17_1200,2,0.372697586,phragmites,phragmites,,,
estuary_08_16_18_1200,1,0.398645527,mixed,iva,spartina,,
estuary_08_16_18_1200,2,0.391841688,phragmites,phragmites,,,
estuary_08_17_17_1200,1,0.384513664,mixed,iva,spartina,,
estuary_08_17_17_1200,2,0.37510196,phragmites,phragmites,,,
estuary_08_17_18_1200,1,0.38979021,mixed,iva,spartina,,
estuary_08_17_18_1200,2,0.385834975,phragmites,phragmites,,,
estuary_08_18_17_1200,1,0.380525775,mixed,iva,spartina,,
estuary_08_18_17_1200,2,0.376718118,phragmites,phragmites,,,
estuary_08_19_17_1200,1,0.401237839,mixed,iva,spartina,,
estuary_08_19_17_1200,2,0.404164564,phragmites,phragmites,,,
estuary_08_20_18_1200,1,0.459671026,mixed,iva,spartina,,
estuary_08_21_18_1200,1,0.386685661,mixed,iva,spartina,,
estuary_08_21_18_1200,2,0.388876689,phragmites,phragmites,,,
estuary_08_22_18_1200,1,0.394100111,mixed,iva,spartina,,
estuary_08_22_18_1200,2,0.395313267,phragmites,phragmites,,,
estuary_08_23_17_1200,1,0.383784503,mixed,iva,spartina,,
estuary_08_23_17_1200,2,0.37175962,phragmites,phragmites,,,
estuary_08_24_17_1200,1,0.391806944,mixed,iva,spartina,,
estuary_08_24_17_1200,2,0.385130593,phragmites,phragmites,,,
estuary_08_24_18_1200,1,0.388941709,mixed,iva,spartina,,
estuary_08_24_18_1200,2,0.377960738,phragmites,phragmites,,,
estuary_08_25_17_1200,1,0.390552191,mixed,iva,spartina,,
estuary_08_25_17_1200,2,0.379641368,phragmites,phragmites,,,
estuary_08_26_17_1200,1,0.387840774,mixed,iva,spartina,,
estuary_08_26_17_1200,2,0.373262272,phragmites,phragmites,,,
estuary_08_28_17_1200,1,0.376129535,mixed,iva,spartina,,
estuary_08_28_17_1200,2,0.359200884,phragmites,phragmites,,,
estuary_08_29_17_1200,1,0.376139049,mixed,iva,spartina,,
estuary_08_29_17_1200,2,0.363112524,phragmites,phragmites,,,
estuary_08_29_18_1200,1,0.385967081,mixed,iva,spartina,,
estuary_08_29_18_1200,2,0.387039784,phragmites,phragmites,,,
estuary_08_30_17_1200,1,0.389342184,mixed,iva,spartina,,
estuary_08_30_17_1200,2,0.369905942,phragmites,phragmites,,,
estuary_08_31_17_1200,1,0.381921313,mixed,iva,spartina,,
estuary_08_31_17_1200,2,0.370854827,phragmites,phragmites,,,
estuary_08_31_18_1200,1,0.372049021,mixed,iva,spartina,,
estuary_08_31_18_1200,2,0.368045664,phragmites,phragmites,,,
estuary_09_01_17_1200,1,0.374292884,mixed,iva,spartina,,
estuary_09_01_17_1200,2,0.360469671,phragmites,phragmites,,,
estuary_09_03_18_1200,1,0.364066518,mixed,iva,spartina,,
estuary_09_03_18_1200,2,0.363431255,phragmites,phragmites,,,
estuary_09_04_17_1200,1,0.372380842,phragmites,phragmites,,,
estuary_09_04_18_1200,1,0.37669705,mixed,iva,spartina,,
estuary_09_04_18_1200,2,0.368075741,phragmites,phragmites,,,
estuary_09_05_17_1200,1,0.380492971,mixed,iva,spartina,,
estuary_09_05_17_1200,2,0.364350206,phragmites,phragmites,,,
estuary_09_05_18_1200,1,0.366132658,mixed,iva,spartina,,
estuary_09_05_18_1200,2,0.365784916,phragmites,phragmites,,,
estuary_09_06_18_1200,1,0.375062357,mixed,iva,spartina,,
estuary_09_06_18_1200,2,0.365554349,phragmites,phragmites,,,
estuary_09_08_17_1200,1,0.381226492,mixed,iva,spartina,,
estuary_09_08_17_1200,2,0.374075614,phragmites,phragmites,,,
estuary_09_09_18_1200,1,0.379015803,mixed,iva,spartina,,
estuary_09_11_18_1200,1,0.380993523,mixed,phragmites,,,
estuary_09_11_18_1200,2,0.367803313,phragmites,phragmites,,,
estuary_09_12_17_1200,1,0.367113157,mixed,iva,spartina,,
estuary_09_12_17_1200,2,0.350348149,phragmites,phragmites,,,
estuary_09_13_17_1200,1,0.36750984,mixed,iva,spartina,,
estuary_09_13_17_1200,2,0.351036878,phragmites,phragmites,,,
estuary_09_13_18_1200,1,0.363683741,mixed,iva,spartina,,
estuary_09_13_18_1200,2,0.342309109,phragmites,phragmites,,,
estuary_09_14_17_1200,1,0.373249966,mixed,iva,spartina,,
estuary_09_14_17_1200,2,0.352454534,phragmites,phragmites,,,
estuary_09_14_18_1200,1,0.361256769,mixed,iva,spartina,,
estuary_09_14_18_1200,2,0.35002205,phragmites,phragmites,,,
estuary_09_15_17_1200,1,0.370227396,mixed,iva,spartina,,
estuary_09_15_17_1200,2,0.354745117,phragmites,phragmites,,,
estuary_09_16_18_1200,1,0.368655109,mixed,iva,spartina,,
estuary_09_16_18_1200,2,0.354706151,phragmites,phragmites,,,
estuary_09_17_18_1200,1,0.358806603,mixed,iva,spartina,,
estuary_09_17_18_1200,2,0.347219009,phragmites,phragmites,,,
estuary_09_18_18_1200,1,0.360258071,mixed,iva,spartina,,
estuary_09_18_18_1200,2,0.360769524,phragmites,phragmites,,,
estuary_09_20_17_1200,1,0.360939296,mixed,iva,spartina,,
estuary_09_20_17_1200,2,0.348880721,phragmites,phragmites,,,
estuary_09_20_18_1200,1,0.362413796,mixed,iva,spartina,,
estuary_09_20_18_1200,2,0.352628912,phragmites,phragmites,,,
estuary_09_21_18_1200,1,0.367341218,mixed,iva,spartina,,
estuary_09_21_18_1200,2,0.350335883,phragmites,phragmites,,,
estuary_09_22_17_1200,1,0.364675515,mixed,iva,spartina,,
estuary_09_22_17_1200,2,0.35043306,phragmites,phragmites,,,
estuary_09_24_17_1200,1,0.359116661,mixed,iva,spartina,,
estuary_09_24_17_1200,2,0.352478412,phragmites,phragmites,,,
estuary_09_24_18_1200,1,0.359905803,mixed,iva,spartina,,
estuary_09_24_18_1200,2,0.360089958,phragmites,phragmites,,,
estuary_09_25_17_1200,1,0.35914807,mixed,iva,spartina,,
estuary_09_25_17_1200,2,0.359085093,phragmites,phragmites,,,
estuary_09_25_18_1200,1,0.373951721,mixed,iva,spartina,,
estuary_09_25_18_1200,2,0.362676341,phragmites,phragmites,,,
estuary_09_27_17_1200,1,0.346395855,mixed,iva,spartina,,
estuary_09_27_17_1200,2,0.351157285,phragmites,phragmites,,,
estuary_09_28_18_1200,1,0.360012571,mixed,iva,spartina,,
estuary_09_28_18_1200,2,0.356384789,phragmites,phragmites,,,
estuary_09_29_17_1200,1,0.353225794,mixed,iva,spartina,,
estuary_09_29_17_1200,2,0.344189034,phragmites,phragmites,,,
estuary_10_02_17_1200,1,0.345396621,mixed,iva,spartina,,
estuary_10_02_17_1200,2,0.337477983,phragmites,phragmites,,,
estuary_10_03_17_1200,1,0.342208535,mixed,iva,spartina,,
estuary_10_03_17_1200,2,0.34132149,phragmites,phragmites,,,
estuary_10_04_17_1200,1,0.348366637,mixed,iva,spartina,,
estuary_10_04_17_1200,2,0.344157259,phragmites,phragmites,,,
estuary_10_05_17_1200,1,0.347375855,mixed,iva,spartina,,
estuary_10_05_17_1200,2,0.349387364,phragmites,phragmites,,,
estuary_10_06_17_1200,1,0.336572853,mixed,iva,spartina,,
estuary_10_06_17_1200,2,0.346807143,phragmites,phragmites,,,
estuary_10_08_17_1200,1,0.33818183,mixed,iva,spartina,,
estuary_10_08_17_1200,2,0.339269972,phragmites,phragmites,,,
estuary_10_09_17_1200,1,0.26724533,mixed,iva,spartina,,
estuary_10_09_17_1200,2,0.277669623,phragmites,phragmites,,,
estuary_10_09_18_1200,1,0.345570154,mixed,iva,spartina,,
estuary_10_09_18_1200,2,0.338934292,phragmites,phragmites,,,
estuary_10_10_17_1200,1,0.333086321,mixed,iva,spartina,,
estuary_10_10_17_1200,2,0.330175507,phragmites,phragmites,,,
estuary_10_11_17_1200,1,0.341453054,mixed,iva,spartina,,
estuary_10_11_17_1200,2,0.341899435,phragmites,phragmites,,,
estuary_10_12_17_1200,1,0.337968899,mixed,iva,spartina,,
estuary_10_12_17_1200,2,0.338670303,phragmites,phragmites,,,
estuary_10_12_18_1200,1,0.347282729,mixed,iva,spartina,,
estuary_10_12_18_1200,2,0.351003153,phragmites,phragmites,,,
estuary_10_13_17_1200,1,0.339828501,mixed,iva,spartina,,
estuary_10_13_17_1200,2,0.338635793,phragmites,phragmites,,,
estuary_10_15_18_1200,1,0.352691384,mixed,iva,spartina,,
estuary_10_15_18_1200,2,0.347862317,phragmites,phragmites,,,
estuary_10_16_17_1200,1,0.335724454,mixed,iva,spartina,,
estuary_10_16_17_1200,2,0.33577905,phragmites,phragmites,,,
estuary_10_16_18_1200,1,0.350378649,mixed,iva,spartina,,
estuary_10_16_18_1200,2,0.343145809,phragmites,phragmites,,,
estuary_10_17_17_1200,1,0.334423555,mixed,iva,spartina,,
estuary_10_17_17_1200,2,0.33308572,phragmites,phragmites,,,
estuary_10_18_17_1200,1,0.412999786,mixed,iva,spartina,,
estuary_10_18_17_1200,2,0.390783026,phragmites,phragmites,,,
estuary_10_19_17_1200,1,0.329182921,mixed,iva,spartina,,
estuary_10_19_17_1200,2,0.33584332,phragmites,phragmites,,,
estuary_10_19_18_1200,1,0.341588364,mixed,iva,spartina,,
estuary_10_19_18_1200,2,0.348794038,phragmites,phragmites,,,
estuary_10_20_17_1200,1,0.322104872,mixed,iva,spartina,,
estuary_10_20_17_1200,2,0.338115149,phragmites,phragmites,,,
estuary_10_22_18_1200,1,0.334023105,mixed,iva,spartina,,
estuary_10_22_18_1200,2,0.348603086,phragmites,phragmites,,,
estuary_10_24_17_1200,1,0.332996064,mixed,iva,spartina,,
estuary_10_24_17_1200,2,0.32586439,phragmites,phragmites,,,
estuary_10_25_17_1200,1,0.337034839,mixed,iva,spartina,,
estuary_10_25_17_1200,2,0.330325908,phragmites,phragmites,,,
estuary_10_26_18_1200,1,0.334452783,mixed,iva,spartina,,
estuary_10_26_18_1200,2,0.340768647,phragmites,phragmites,,,
estuary_10_27_17_1200,1,0.317676025,mixed,iva,spartina,,
estuary_10_27_17_1200,2,0.335680572,phragmites,phragmites,,,
estuary_10_27_18_1200,1,0.327491451,mixed,iva,spartina,,
estuary_10_27_18_1200,2,0.341212617,phragmites,phragmites,,,
estuary_10_29_18_1200,1,0.329555951,mixed,iva,spartina,,
estuary_10_29_18_1200,2,0.345020743,phragmites,phragmites,,,
estuary_10_30_17_1200,1,0.319124566,mixed,iva,spartina,,
estuary_10_30_17_1200,2,0.319773361,phragmites,phragmites,,,
estuary_10_31_17_1200,1,0.328245688,mixed,iva,spartina,,
estuary_10_31_17_1200,2,0.32948726,phragmites,phragmites,,,
estuary_11_01_17_1200,1,0.329769078,mixed,iva,spartina,,
estuary_11_01_17_1200,2,0.331493496,phragmites,phragmites,,,
estuary_11_01_18_1200,1,0.329223669,mixed,iva,spartina,,
estuary_11_01_18_1200,2,0.342526979,phragmites,phragmites,,,
estuary_11_03_17_1200,1,0.329725003,mixed,iva,spartina,,
estuary_11_03_17_1200,2,0.335799714,phragmites,phragmites,,,
estuary_11_04_18_1200,1,0.32996372,mixed,iva,spartina,,
estuary_11_04_18_1200,2,0.346438441,phragmites,phragmites,,,
estuary_11_05_18_1200,1,0.310659557,mixed,iva,spartina,,
estuary_11_05_18_1200,2,0.332158822,phragmites,phragmites,,,
estuary_11_07_18_1200,1,0.329098689,mixed,iva,spartina,,
estuary_11_07_18_1200,2,0.345282931,phragmites,phragmites,,,
estuary_11_08_18_1200,1,0.325576061,mixed,iva,spartina,,
estuary_11_08_18_1200,2,0.345971468,phragmites,phragmites,,,
estuary_11_09_17_1200,1,0.329441028,mixed,iva,spartina,,
estuary_11_09_17_1200,2,0.332958054,phragmites,phragmites,,,
estuary_11_12_18_1200,1,0.31689093,mixed,iva,spartina,,
estuary_11_12_18_1200,2,0.326548225,phragmites,phragmites,,,
estuary_11_13_17_1200,1,0.33486882,mixed,iva,spartina,,
estuary_11_13_17_1200,2,0.336036091,phragmites,phragmites,,,
estuary_11_14_17_1200,1,0.322209979,mixed,iva,spartina,,
estuary_11_14_17_1200,2,0.324621019,phragmites,phragmites,,,
estuary_11_14_18_1200,1,0.29992671,mixed,iva,spartina,,
estuary_11_14_18_1200,2,0.317303485,phragmites,phragmites,,,
estuary_11_15_17_1200,1,0.329533935,mixed,iva,spartina,,
estuary_11_15_17_1200,2,0.333416581,phragmites,phragmites,,,
estuary_11_16_17_1200,1,0.318817621,mixed,iva,spartina,,
estuary_11_16_17_1200,2,0.334386451,phragmites,phragmites,,,
estuary_11_17_17_1200,1,0.326158883,phragmites,phragmites,,,
estuary_11_17_17_1200,2,0.327046628,phragmites,phragmites,,,
estuary_11_18_18_1200,1,0.330254488,mixed,iva,spartina,,
estuary_11_18_18_1200,2,0.340700649,phragmites,phragmites,,,
estuary_11_19_18_1200,1,0.318995993,mixed,iva,spartina,,
estuary_11_19_18_1200,2,0.337242278,phragmites,phragmites,,,
estuary_11_21_17_1200,1,0.311143008,mixed,iva,spartina,,
estuary_11_21_17_1200,2,0.31807854,phragmites,phragmites,,,
estuary_11_21_18_1200,1,0.321344566,mixed,iva,spartina,,
estuary_11_21_18_1200,2,0.338692247,phragmites,phragmites,,,
estuary_11_23_18_1200,1,0.310629192,mixed,iva,spartina,,
estuary_11_23_18_1200,2,0.322439897,phragmites,phragmites,,,
estuary_11_24_17_1200,1,0.324174679,mixed,spartina,,,
estuary_11_24_17_1200,2,0.319373755,phragmites,phragmites,,,
estuary_12_24_18_1200,1,0.326677183,mixed,iva,spartina,,
estuary_12_24_18_1200,2,0.339649784,phragmites,phragmites,,,
estuary_12_28_17_1200,1,0.319881137,mixed,iva,spartina,,
estuary_12_28_17_1200,2,0.330251734,phragmites,phragmites,,,
estuary_12_29_17_1200,1,0.328324247,mixed,iva,spartina,,
estuary_12_29_17_1200,2,0.334827063,phragmites,phragmites,,,
estuary_12_31_17_1200,1,0.325122956,mixed,iva,spartina,,
estuary_12_31_17_1200,2,0.329460487,phragmites,phragmites,,,
estuary2_03_07_17_1200,1,0.334056332,mixed,iva,spartina,,
estuary2_03_14_19_1200,1,0.3354096,mixed,iva,spartina,,
estuary2_03_14_19_1200,2,0.3437816,phragmites,phragmites,,,
estuary2_04_22_19_1200,1,0.3384694,phragmites,phragmites,,,
estuary2_05_10_18_1200,1,0.347665668,mixed,iva,spartina,,
estuary2_05_10_18_1200,2,0.362811633,phragmites,phragmites,,,
estuary2_05_17_17_1200,1,0.425917657,iva,iva,,,
estuary2_05_17_17_1200,2,0.433750855,iva,iva,,,
estuary2_06_05_18_1200,1,0.419926361,mixed,iva,spartina,,
estuary2_06_05_18_1200,2,0.420776862,phragmites,phragmites,,,
estuary2_06_05_19_1200,1,0.401951888,mixed,phragmites,,,
estuary2_06_05_19_1200,2,0.391008874,phragmites,phragmites,,,
estuary2_06_09_17_1200,1,0.416351238,phragmites,phragmites,,,
estuary2_06_11_19_1200,1,0.414124589,mixed,iva,spartina,,
estuary2_06_11_19_1200,2,0.443104296,phragmites,phragmites,,,
estuary2_06_17_19_1200,1,0.40758916,mixed,iva,spartina,,
estuary2_06_17_19_1200,2,0.401682763,phragmites,phragmites,,,
estuary2_06_19_17_1200,1,0.441213055,iva,iva,,,
estuary2_06_20_18_1200,1,0.407497908,mixed,iva,spartina,,
estuary2_06_20_18_1200,2,0.44544848,phragmites,phragmites,,,
estuary2_07_04_19_1200,1,0.420712,mixed,iva,spartina,,
estuary2_07_04_19_1200,2,0.4037834,phragmites,phragmites,,,
estuary2_07_07_17_1200,1,0.403086493,mixed,iva,spartina,,
estuary2_07_07_17_1200,2,0.388807075,phragmites,phragmites,,,
estuary2_07_11_19_1200,1,0.427336311,mixed,iva,phragmites,,
estuary2_07_11_19_1200,2,0.442582161,mixed,iva,spartina,,
estuary2_07_14_17_1200,1,0.410139608,phragmites,phragmites,,,
estuary2_07_24_18_1200,1,0.387210458,mixed,iva,spartina,,
estuary2_07_24_18_1200,2,0.398047237,phragmites,phragmites,,,
estuary2_07_25_17_1200,1,0.443324251,iva,iva,,,
estuary2_07_30_17_1200,1,0.42687989,mixed,iva,phragmites,,
estuary2_07_30_17_1200,2,0.436659154,mixed,iva,spartina,,
estuary2_08_07_17_1200,1,0.421056689,mixed,iva,spartina,,
estuary2_08_07_17_1200,2,0.408832906,phragmites,phragmites,,,
estuary2_08_08_17_1200,1,0.424188649,iva,iva,,,
estuary2_08_08_17_1200,2,0.411283499,iva,iva,,,
estuary2_08_29_17_1200,1,0.412763487,mixed,iva,phragmites,,
estuary2_08_29_17_1200,2,0.395103969,iva,iva,,,
estuary2_09_09_18_1200,1,0.375932162,mixed,iva,spartina,,
estuary2_09_09_18_1200,2,0.369869655,phragmites,phragmites,,,
estuary2_09_13_17_1200,1,0.374763801,mixed,iva,,,
estuary2_09_25_17_1200,1,0.356594551,mixed,iva,spartina,,
estuary2_10_04_17_1200,1,0.363740124,phragmites,phragmites,,,
estuary2_11_15_17_1200,1,0.331212614,phragmites,phragmites,,,
estuary2_11_17_17_1200,1,0.31755111,mixed,iva,spartina,,
estuary2_11_17_17_1200,2,0.328991841,phragmites,phragmites,,,
estuary3_06_17_19_1200,1,0.423310536,mixed,iva,phragmites,,
estuary3_06_17_19_1200,2,0.457563966,phragmites,iva,spartina,,
left_03_25_19_1200,1,0.336087294,scheonoplectus,scheonoplectus,,,
left_04_08_19_1200,1,0.339379192,mixed,c4,scheonoplectus,,
left_04_17_19_1200,1,0.3375645,scheonoplectus,scheonoplectus,,,
left_04_17_19_1200,2,0.3396166,scheonoplectus,scheonoplectus,,,
left_05_07_19_1200,1,0.368768045,iva,iva,,,
left_05_07_19_1200,2,0.445319303,scheonoplectus,c4,,,
left_05_24_18_1200,1,0.405173156,scheonoplectus,c4,scheonoplectus,,
left_05_24_18_1200,2,0.426949012,scheonoplectus,scheonoplectus,,,
left_06_20_18_1200,1,0.415324905,iva,iva,,,
left_06_20_18_1200,2,0.504531842,scheonoplectus,scheonoplectus,,,
left_07_07_19_1200,1,0.454816093,iva,iva,,c4,
left_07_07_19_1200,2,0.444567074,scheonoplectus,c4,,iva,
left_07_11_19_1200,1,0.428880488,iva,iva,,,
left_07_11_19_1200,2,0.442086619,scheonoplectus,c4,,,
left_08_01_17_1200,1,0.382847925,scheonoplectus,scheonoplectus,,,
left_08_02_17_1200,1,0.402847601,scheonoplectus,scheonoplectus,,,
left_08_03_17_1200,1,0.365108745,scheonoplectus,scheonoplectus,,,
left_08_06_18_1200,1,0.426052909,scheonoplectus,scheonoplectus,,,
left_08_06_18_1200,2,0.402285041,mixed,scheonoplectus,,hibiscus,
left_08_09_18_1200,1,0.404766997,iva,iva,,,
left_08_11_17_1200,1,0.418670179,scheonoplectus,scheonoplectus,,,
left_08_11_17_1200,2,0.392410801,scheonoplectus,scheonoplectus,,,
left_08_14_18_1200,1,0.380914993,scheonoplectus,scheonoplectus,,,
left_08_16_17_1200,1,0.374629323,scheonoplectus,scheonoplectus,,,
left_08_17_17_1200,1,0.368464549,scheonoplectus,scheonoplectus,,,
left_08_18_17_1200,1,0.396288409,scheonoplectus,scheonoplectus,,,
left_08_25_17_1200,1,0.390623852,phragmites,phragmites,,,
left_09_12_17_1200,1,0.345393586,scheonoplectus,scheonoplectus,,,
left_09_14_17_1200,1,0.349410956,scheonoplectus,scheonoplectus,,,
left_09_20_17_1200,1,0.374566429,mixed,iva,,,
left_09_26_17_1200,1,0.375570919,scheonoplectus,scheonoplectus,,,
left_09_26_17_1200,2,0.347180139,scheonoplectus,scheonoplectus,,,
left_10_09_18_1200,1,0.345532499,iva,iva,,,
left_10_09_18_1200,2,0.33759674,scheonoplectus,iva,,,
left_10_10_17_1200,1,0.343190945,mixed,scheonoplectus,,amaranthus,
left_10_11_17_1200,1,0.342712281,mixed,scheonoplectus,,amaranthus,
left_10_11_17_1200,2,0.346025207,mixed,scheonoplectus,,amaranthus,
left_10_17_18_1200,1,0.344833378,scheonoplectus,scheonoplectus,,,
left_10_24_17_1200,1,0.332081175,mixed,iva,,phragmites,
left_11_01_17_1200,1,0.327357309,mixed,c4,iva,,
left_11_02_18_1200,1,0.333086893,scheonoplectus,scheonoplectus,,,
left_11_03_17_1200,1,0.333798238,scheonoplectus,scheonoplectus,,,
left_11_12_18_1200,1,0.321868654,scheonoplectus,scheonoplectus,,,
left_11_13_18_1200,1,0.327851023,scheonoplectus,scheonoplectus,,,
left_11_17_17_1200,1,0.320963531,scheonoplectus,scheonoplectus,,,
left2_08_01_17_1200,1,0.417225456,scheonoplectus,scheonoplectus,,,
left3_08_01_17_1200,1,0.404070199,scheonoplectus,scheonoplectus,,,
leftmarsh_05_07_19_1200,1,0.348546266,scheonoplectus,c4,scheonoplectus,,
nitrogenexperiments_04_25_19_1200,1,0.350137325,mixed,iva,phragmites,,
nitrogenexperiments_05_07_19_1200,1,0.392991009,mixed,iva,phragmites,,
nitrogenexperiments_05_07_19_1200,2,0.405470251,mixed,iva,phragmites,,
nitrogenexperiments_06_04_18_1200,1,0.392892996,iva,iva,,c4,
nitrogenexperiments_06_04_18_1200,2,0.380923647,iva,iva,,,
nitrogenexperiments_06_05_18_1200,1,0.398817793,iva,iva,phragmites,,
nitrogenexperiments_06_05_18_1200,2,0.411211391,iva,iva,phragmites,,
nitrogenexperiments_06_12_18_1200,1,0.435824734,iva,c4,iva,,
nitrogenexperiments_06_25_18_1200,1,0.419179385,iva,c4,iva,,
nitrogenexperiments_06_27_18_1200,1,0.387967507,iva,c4,iva,phragmites,
nitrogenexperiments_07_07_19_1200,1,0.42671936,iva,c4,iva,,
nitrogenexperiments_07_11_18_1200,1,0.409150943,phragmites,phragmites,,,
nitrogenexperiments_07_11_18_1200,2,0.424311723,phragmites,phragmites,,,
nitrogenexperiments_07_12_18_1200,1,0.439158955,mixed,iva,scheonoplectus,c4,phragmites
nitrogenexperiments_07_17_17_1200,1,0.433047834,mixed,iva,phragmites,,
nitrogenexperiments_07_26_17_1200,1,0.416536372,phragmites,phragmites,,,
nitrogenexperiments_07_26_17_1200,2,0.427600591,iva,iva,,,
nitrogenexperiments_08_07_17_1200,1,0.420598386,iva,iva,,,
nitrogenexperiments_08_13_18_1200,1,0.4252553,iva,iva,,,
nitrogenexperiments_08_19_17_1200,1,0.388952944,iva,iva,,,
nitrogenexperiments_10_17_18_1200,1,0.351182424,iva,iva,,,
nitrogenexperiments_11_07_19_1200,1,0.343615098,mixed,phragmites,,,
nitrogenexperiments_11_07_19_1200,2,0.351343474,mixed,phragmites,,,
nitrogenexperiments_11_14_17_1200,1,0.331796274,iva,iva,,,
nitrogenexperiments2_07_26_17_1200,1,0.433890849,iva,iva,,,
nitrogenexperiments2_07_26_17_1200,2,0.414858108,phragmites,phragmites,,,
pathway_07_01_19_1200,1,0.4194357,phragmites,phragmites,,,
pathway_07_01_19_1200,2,0.425584,phragmites,phragmites,,,
rightmarsh_03_04_19_1200,1,0.329654615,scheonoplectus,scheonoplectus,,,
rightmarsh_03_14_19_1200,1,0.334080254,scheonoplectus,scheonoplectus,,,
rightmarsh_03_14_19_1200,2,0.331671697,scheonoplectus,scheonoplectus,,,
rightmarsh_03_15_19_1200,1,0.3330138,scheonoplectus,scheonoplectus,,,
rightmarsh_03_19_18_1200,1,0.326739379,scheonoplectus,scheonoplectus,,,
rightmarsh_03_19_18_1200,2,0.325365418,scheonoplectus,scheonoplectus,,,
rightmarsh_03_19_19_1200,1,0.3272775,mixed,scheonoplectus,typha,spartina,
rightmarsh_03_19_19_1200,2,0.3369981,scheonoplectus,scheonoplectus,,,
rightmarsh_03_20_19_1200,1,0.3380635,scheonoplectus,scheonoplectus,typha,,
rightmarsh_03_25_19_1200,1,0.3324402,scheonoplectus,scheonoplectus,,,
rightmarsh_03_25_19_1200,2,0.3316273,scheonoplectus,scheonoplectus,,,
rightmarsh_03_26_19_1200,1,0.3236936,scheonoplectus,scheonoplectus,,,
rightmarsh_03_28_18_1200,1,0.331734807,scheonoplectus,scheonoplectus,,,
rightmarsh_04_02_18_1200,1,0.328313514,scheonoplectus,scheonoplectus,,,
rightmarsh_04_02_18_1200,2,0.324042852,scheonoplectus,scheonoplectus,,,
rightmarsh_04_03_19_1200,1,0.3313253,scheonoplectus,scheonoplectus,,,
rightmarsh_04_03_19_1200,2,0.3273604,scheonoplectus,scheonoplectus,,,
rightmarsh_04_17_18_1200,1,0.329567815,scheonoplectus,scheonoplectus,,,
rightmarsh_04_20_18_1200,1,0.331496722,scheonoplectus,scheonoplectus,,,
rightmarsh_04_22_19_1200,1,0.337176507,mixed,scheonoplectus,typha,spartina,
rightmarsh_04_22_19_1200,2,0.339185863,scheonoplectus,scheonoplectus,,,
rightmarsh_04_22_19_1200,3,0.335566448,scheonoplectus,scheonoplectus,,,
rightmarsh_04_24_18_1200,1,0.332064097,scheonoplectus,scheonoplectus,,,
rightmarsh_04_26_18_1200,1,0.328483822,scheonoplectus,scheonoplectus,,,
rightmarsh_04_26_18_1200,2,0.32999918,scheonoplectus,scheonoplectus,,,
rightmarsh_04_26_19_1200,1,0.330299101,scheonoplectus,scheonoplectus,,,
rightmarsh_04_26_19_1200,2,0.345439,scheonoplectus,scheonoplectus,,,
rightmarsh_04_27_18_1200,1,0.312496353,scheonoplectus,scheonoplectus,,,
rightmarsh_05_02_18_1200,1,0.330137955,scheonoplectus,scheonoplectus,,,
rightmarsh_05_04_18_1200,1,0.338024443,scheonoplectus,c4,scheonoplectus,,
rightmarsh_05_10_19_1200,1,0.377770387,scheonoplectus,c4,scheonoplectus,,
rightmarsh_05_18_18_1200,1,0.437183203,scheonoplectus,c4,scheonoplectus,,
rightmarsh_05_20_19_1200,1,0.4563255,scheonoplectus,scheonoplectus,,,
rightmarsh_05_20_19_1200,2,0.3811468,scheonoplectus,scheonoplectus,,,
rightmarsh_05_21_18_1200,1,0.411368455,scheonoplectus,c4,scheonoplectus,,
rightmarsh_05_22_18_1200,1,0.434065326,scheonoplectus,c4,scheonoplectus,,
rightmarsh_05_22_19_1200,1,0.428360663,scheonoplectus,scheonoplectus,,,
rightmarsh_05_22_19_1200,2,0.431155948,scheonoplectus,scheonoplectus,,,
rightmarsh_05_27_19_1200,1,0.4427887,scheonoplectus,scheonoplectus,,,
rightmarsh_05_27_19_1200,2,0.3920298,scheonoplectus,scheonoplectus,,,
rightmarsh_05_28_18_1200,1,0.444103705,scheonoplectus,c4,scheonoplectus,,
rightmarsh_05_28_19_1200,1,0.4061333,scheonoplectus,scheonoplectus,,,
rightmarsh_05_28_19_1200,2,0.4095741,scheonoplectus,scheonoplectus,,,
rightmarsh_05_28_19_1200,3,0.4768136,scheonoplectus,scheonoplectus,,,
rightmarsh_05_30_19_1200,1,0.4271431,scheonoplectus,scheonoplectus,typha,spartina,
rightmarsh_05_30_19_1200,2,0.4027825,scheonoplectus,scheonoplectus,,,
rightmarsh_06_01_18_1200,1,0.455372099,scheonoplectus,c4,scheonoplectus,,
rightmarsh_06_02_19_1200,1,0.4458376,scheonoplectus,scheonoplectus,typha,spartina,
rightmarsh_06_02_19_1200,2,0.4141383,scheonoplectus,scheonoplectus,,,
rightmarsh_06_04_18_1200,1,0.446107231,scheonoplectus,scheonoplectus,,,
rightmarsh_06_04_19_1200,1,0.4005768,scheonoplectus,scheonoplectus,,,
rightmarsh_06_04_19_1200,2,0.3944317,scheonoplectus,scheonoplectus,,,
rightmarsh_06_05_19_1200,1,0.4090126,mixed,scheonoplectus,typha,spartina,
rightmarsh_06_05_19_1200,2,0.4128703,scheonoplectus,scheonoplectus,,,
rightmarsh_06_06_18_1200,1,0.434983957,scheonoplectus,scheonoplectus,,,
rightmarsh_06_11_18_1200,1,0.451363082,scheonoplectus,scheonoplectus,,,
rightmarsh_06_12_18_1200,1,0.518041271,scheonoplectus,scheonoplectus,,,
rightmarsh_06_12_18_1200,2,0.489620866,scheonoplectus,scheonoplectus,,,
rightmarsh_06_13_19_1200,1,0.4017645,scheonoplectus,scheonoplectus,,,
rightmarsh_06_13_19_1200,2,0.4370633,scheonoplectus,scheonoplectus,,,
rightmarsh_06_13_19_1200,3,0.4568273,scheonoplectus,scheonoplectus,,,
rightmarsh_06_16_19_1200,1,0.4087741,scheonoplectus,scheonoplectus,,,
rightmarsh_06_16_19_1200,2,0.4385972,scheonoplectus,scheonoplectus,,,
rightmarsh_06_18_18_1200,1,0.419359546,scheonoplectus,scheonoplectus,,,
rightmarsh_06_21_19_1200,1,0.3776665,scheonoplectus,scheonoplectus,,,
rightmarsh_06_21_19_1200,2,0.4346818,scheonoplectus,scheonoplectus,,,
rightmarsh_06_22_18_1200,1,0.444142917,scheonoplectus,scheonoplectus,,,
rightmarsh_06_23_18_1200,1,0.453323638,scheonoplectus,scheonoplectus,,,
rightmarsh_06_25_19_1200,1,0.4083667,scheonoplectus,scheonoplectus,,,
rightmarsh_07_01_19_1200,1,0.4067185,scheonoplectus,scheonoplectus,,,
rightmarsh_07_02_18_1200,1,0.439524512,scheonoplectus,scheonoplectus,,,
rightmarsh_07_02_18_1200,2,0.448958151,mixed,scheonoplectus,,,
rightmarsh_07_04_19_1200,1,0.4119019,scheonoplectus,scheonoplectus,,,
rightmarsh_07_05_18_1200,1,0.447231418,scheonoplectus,scheonoplectus,,,
rightmarsh_07_05_18_1200,2,0.47518123,mixed,scheonoplectus,,,
rightmarsh_07_06_18_1200,1,0.390512248,scheonoplectus,scheonoplectus,,,
rightmarsh_07_06_18_1200,2,0.445166899,scheonoplectus,scheonoplectus,,,
rightmarsh_07_07_19_1200,1,0.425356164,scheonoplectus,scheonoplectus,,,
rightmarsh_07_07_19_1200,2,0.445886648,scheonoplectus,scheonoplectus,,,
rightmarsh_07_07_19_1200,3,0.424365129,scheonoplectus,scheonoplectus,,,
rightmarsh_07_10_17_1200,1,0.393072705,scheonoplectus,scheonoplectus,,,
rightmarsh_07_10_18_1200,1,0.386078039,mixed,scheonoplectus,,iva,
rightmarsh_07_10_18_1200,2,0.407426336,scheonoplectus,scheonoplectus,,,
rightmarsh_07_10_18_1200,3,0.399022254,mixed,scheonoplectus,,iva,
rightmarsh_07_17_18_1200,1,0.440249013,scheonoplectus,scheonoplectus,,,
rightmarsh_07_17_18_1200,2,0.420665039,scheonoplectus,scheonoplectus,,,
rightmarsh_07_20_17_1200,1,0.412332533,mixed,typha,,,
rightmarsh_07_20_17_1200,2,0.426904478,mixed,typha,,scheonoplectus,
rightmarsh_08_04_17_1200,1,0.375408106,scheonoplectus,scheonoplectus,,,
rightmarsh_08_06_17_1200,1,0.394518122,scheonoplectus,scheonoplectus,,,
rightmarsh_08_14_17_1200,1,0.390280506,scheonoplectus,scheonoplectus,,,
rightmarsh_08_21_18_1200,1,0.384484307,scheonoplectus,scheonoplectus,,,
rightmarsh_08_21_18_1200,2,0.412971644,mixed,scheonoplectus,typha,spartina,
rightmarsh_08_24_17_1200,1,0.37824784,scheonoplectus,scheonoplectus,,,
rightmarsh_08_24_18_1200,1,0.412346392,mixed,scheonoplectus,typha,kosteletzkya,
rightmarsh_08_29_17_1200,1,0.371023312,scheonoplectus,scheonoplectus,,,
rightmarsh_08_31_18_1200,1,0.386205166,mixed,scheonoplectus,typha,kosteletzkya,
rightmarsh_08_31_18_1200,2,0.400870855,mixed,scheonoplectus,,kosteletzkya,
rightmarsh_09_01_17_1200,1,0.362504057,scheonoplectus,scheonoplectus,,,
rightmarsh_09_04_17_1200,1,0.381867255,mixed,scheonoplectus,typha,amaranthus,
rightmarsh_09_04_17_1200,2,0.384674075,scheonoplectus,scheonoplectus,,,
rightmarsh_09_04_18_1200,1,0.389480913,scheonoplectus,scheonoplectus,,,
rightmarsh_09_05_17_1200,1,0.362863782,mixed,scheonoplectus,typha,amaranthus,
rightmarsh_09_05_17_1200,2,0.375437257,scheonoplectus,scheonoplectus,,,
rightmarsh_09_13_17_1200,1,0.347748717,mixed,scheonoplectus,,amaranthus,typha
rightmarsh_09_13_17_1200,2,0.357829152,scheonoplectus,scheonoplectus,,,
rightmarsh_09_16_19_1200,1,0.366436894,scheonoplectus,scheonoplectus,,,
rightmarsh_09_20_17_1200,1,0.340377102,mixed,scheonoplectus,,amaranthus,typha
rightmarsh_09_20_17_1200,2,0.350104038,scheonoplectus,scheonoplectus,,,
rightmarsh_09_20_18_1200,1,0.345601446,scheonoplectus,scheonoplectus,,,
rightmarsh_09_24_18_1200,1,0.333322662,scheonoplectus,scheonoplectus,,amaranthus,
rightmarsh_09_27_18_1200,1,0.348426564,scheonoplectus,scheonoplectus,,amaranthus,
rightmarsh_09_28_17_1200,1,0.345255374,scheonoplectus,scheonoplectus,,,
rightmarsh_10_02_17_1200,1,0.324852864,mixed,scheonoplectus,typha,amaranthus,
rightmarsh_10_02_17_1200,2,0.33118363,scheonoplectus,scheonoplectus,,,
rightmarsh_10_06_17_1200,1,0.343236821,mixed,scheonoplectus,typha,amaranthus,
rightmarsh_10_06_17_1200,2,0.350240768,scheonoplectus,scheonoplectus,,,
rightmarsh_10_10_17_1200,1,0.333773952,mixed,scheonoplectus,typha,amaranthus,
rightmarsh_10_10_17_1200,2,0.338259051,scheonoplectus,scheonoplectus,,,
rightmarsh_10_11_17_1200,1,0.333977378,mixed,scheonoplectus,typha,amaranthus,
rightmarsh_10_11_17_1200,2,0.33947841,scheonoplectus,scheonoplectus,,,
rightmarsh_10_16_18_1200,1,0.343015257,scheonoplectus,scheonoplectus,,,
rightmarsh_10_17_17_1200,1,0.317732135,mixed,scheonoplectus,typha,amaranthus,
rightmarsh_10_17_17_1200,2,0.318466718,scheonoplectus,scheonoplectus,,,
rightmarsh_10_19_17_1200,1,0.344210375,scheonoplectus,scheonoplectus,,,
rightmarsh_10_19_17_1200,2,0.328596859,scheonoplectus,scheonoplectus,,,
rightmarsh_10_24_17_1200,1,0.301292475,scheonoplectus,scheonoplectus,typha,amaranthus,
rightmarsh_10_24_17_1200,2,0.306201772,scheonoplectus,scheonoplectus,,,
rightmarsh_10_26_17_1200,1,0.318739742,mixed,scheonoplectus,typha,amaranthus,
rightmarsh_10_26_17_1200,2,0.3346164,scheonoplectus,scheonoplectus,,,
rightmarsh_10_26_18_1200,1,0.346413555,scheonoplectus,scheonoplectus,typha,,
rightmarsh_10_27_18_1200,1,0.354582896,scheonoplectus,scheonoplectus,,,
rightmarsh_10_30_18_1200,1,0.312016999,scheonoplectus,scheonoplectus,typha,,
rightmarsh_10_31_17_1200,1,0.327171268,mixed,scheonoplectus,typha,amaranthus,
rightmarsh_10_31_17_1200,2,0.312035738,scheonoplectus,scheonoplectus,,,
rightmarsh_11_20_17_1200,1,0.320112515,scheonoplectus,scheonoplectus,,,
rightmarsh_12_28_17_1200,1,0.299034897,mixed,scheonoplectus,typha,amaranthus,
rightmarsh_12_28_17_1200,2,0.316410841,scheonoplectus,scheonoplectus,,,
rightmarsh_12_29_17_1200,1,0.329862835,scheonoplectus,scheonoplectus,,,
rightmarsh_12_29_17_1200,2,0.323641946,scheonoplectus,scheonoplectus,,,
rightmarsh2_05_10_19_1200,1,0.368626348,mixed,c4,scheonoplectus,,
rightmarsh2_06_21_19_1200,1,0.4159783,scheonoplectus,scheonoplectus,,,
rightmarsh2_06_21_19_1200,2,0.4063598,mixed,iva,scheonoplectus,,
rightmarsh3_05_10_19_1200,1,0.35673847,mixed,c4,scheonoplectus,,
rightmarsh3_05_10_19_1200,2,0.351814461,scheonoplectus,scheonoplectus,,,
rightmarshalternate_05_23_18_1200,1,0.341308966,scheonoplectus,scheonoplectus,,,
towardsbuilding_03_06_19_1200,1,0.333828098,scheonoplectus,scheonoplectus,,,
towardsbuilding_03_14_19_1200,1,0.3274413,scheonoplectus,scheonoplectus,,,
towardsbuilding_04_25_18_1200,1,0.328450988,scheonoplectus,scheonoplectus,,,
towardsbuilding_05_07_19_1200,1,0.3500141,scheonoplectus,c4,scheonoplectus,,
towardsbuilding_05_10_18_1200,1,0.333427467,mixed,iva,scheonoplectus,c4,
towardsbuilding_05_10_18_1200,2,0.33230262,mixed,iva,scheonoplectus,,
towardsbuilding_05_10_18_1200,3,0.332022224,mixed,iva,scheonoplectus,,
towardsbuilding_05_16_19_1200,1,0.3856431,mixed,iva,scheonoplectus,,
towardsbuilding_05_16_19_1200,2,0.3893913,mixed,iva,scheonoplectus,,
towardsbuilding_05_24_18_1200,1,0.404636881,scheonoplectus,scheonoplectus,,,
towardsbuilding_05_25_18_1200,1,0.388961214,iva,iva,,,
towardsbuilding_05_27_19_1200,1,0.3967263,mixed,iva,scheonoplectus,,
towardsbuilding_05_27_19_1200,2,0.3808857,mixed,iva,scheonoplectus,c4,
towardsbuilding_06_05_18_1200,1,0.423377112,mixed,iva,spartina,,
towardsbuilding_06_07_19_1200,1,0.444560839,mixed,iva,scheonoplectus,,
towardsbuilding_06_07_19_1200,2,0.431923747,mixed,iva,scheonoplectus,,
towardsbuilding_06_18_19_1200,1,0.4627862,mixed,iva,scheonoplectus,,
towardsbuilding_06_18_19_1200,2,0.437496,mixed,iva,scheonoplectus,,
towardsbuilding_06_18_19_1200,3,0.4426154,mixed,iva,scheonoplectus,c4,
towardsbuilding_08_22_18_1200,1,0.422422582,scheonoplectus,scheonoplectus,,,
towardsbuilding_08_22_18_1200,2,0.381531269,scheonoplectus,scheonoplectus,,,
towardsbuilding_09_05_18_1200,1,0.35413586,scheonoplectus,scheonoplectus,,,
towardsbuilding_09_06_18_1200,1,0.387721578,scheonoplectus,scheonoplectus,,,
towardsbuilding_09_12_18_1200,1,0.355463541,scheonoplectus,scheonoplectus,,,
towardsbuilding_09_12_18_1200,2,0.374581824,scheonoplectus,scheonoplectus,,,
towardsbuilding_10_01_18_1200,1,0.355965125,scheonoplectus,scheonoplectus,,,
towardsbuilding_10_01_18_1200,2,0.352565274,scheonoplectus,scheonoplectus,,,
